Wedges?,Combination,Metric,50,63,80,100,125,160,200,250,315,400,500,630,800,1000,1250,1600,2000,2500,3150,4000,5000,6300,8000,10000,full
No,ANAJC,C50,3.342,6.982,5.402,10.526,8.88,3.134,-0.984,2.41,-0.742,2.714,3.734,-1.228,2.606,4.122,1.516,-0.22,-1.104,0.642,1.132,3.102,2.66,5.398,7.194,7.476,3.456
No,ANAJC,C80,12.344,11.644,9.204,15.74,10.764,4.398,7.436,7.286,2.756,3.958,5.952,1.5,4.466,6.094,5.004,2.496,2.166,3.44,3.314,5.012,4.684,7.66,9.898,10.788,5.87
No,ANAJC,D50,68.36,83.3,77.64,91.86,88.54,67.3,44.38,63.52,45.72,65.14,70.28,42.96,64.56,72.1,58.64,48.72,43.68,53.68,56.48,67.14,64.84,77.6,83.96,84.82,68.88
No,ANAJC,EDT,0.4516,0.4474,0.5808,0.22,0.5162,1.073,0.5592,0.6946,1.2016,1.1648,1.1324,1.4316,1.4616,1.312,1.1396,1.385,1.344,1.131,1.1236,1.0814,1.0242,0.807,0.5612,0.4542,0.976
No,ANAJC,T20,0.3018,0.4044,0.323,0.591,0.7682,0.8656,0.9496,0.8032,1.0774,1.1612,1.2344,1.2242,1.2922,1.4622,1.478,1.3388,1.359,1.2038,1.1604,1.079,0.9774,0.8522,0.7432,0.5674,1.2456
No,ANAJC,T30,0.3812,0.6608,0.5268,0.6436,0.8158,0.7844,0.9908,0.9872,1.1114,1.119,1.1404,1.2682,1.2774,1.4002,1.4428,1.3444,1.307,1.2814,1.2204,1.123,1.0456,0.876,0.7736,0.6034,1.6038
No,ANAJC,T60M,0,0,0,0,0,0,0,0,0,0,0,0,0,0,0,0,0,0,0,0,0,0,0,0,0
No,ANAJC,TS,0.042,0.03,0.033,0.02,0.024,0.053,0.058,0.053,0.078,0.058,0.052,0.0964,0.0614,0.0514,0.064,0.0864,0.0862,0.071,0.0644,0.052,0.052,0.0332,0.026,0.024,0.0488
No,ANAJC,Topt,0.2452,0.442,0.3328,0.5844,0.7798,0.891,1.0748,1.0894,1.0694,1.1366,1.1582,1.2882,1.305,1.3966,1.4452,1.3524,1.3262,1.2064,1.1846,1.1306,0.9354,0.853,0.7498,0.577,1.2608
No,ASAJC,C50,3.5,7.212,6.498,9.306,5.956,3.062,1.606,2.768,2.676,0.926,1.776,-0.154,6.174,5.342,1.806,1.394,3.496,4.758,3.55,3.252,4.294,3.776,5.726,8.074,4.402
No,ASAJC,C80,12.474,11.972,10.104,14.704,8.188,4.332,4.054,7.788,5.638,4.328,6.028,2.802,7.412,6.544,3.298,4.016,5.822,7.218,5.826,5.186,7.03,6.52,8.374,11.252,6.772
No,ASAJC,D50,69.12,84.06,81.7,89.48,79.74,66.94,59.14,65.42,64.96,55.32,60.08,49.12,80.54,77.38,60.26,57.94,69.1,74.92,69.36,67.9,72.88,70.44,78.9,86.52,73.38
No,ASAJC,EDT,0.4484,0.4234,0.5128,0.3272,0.76,1.1428,1.327,0.7156,1.144,1.0746,0.8268,1.1774,0.9386,1.418,1.4084,1.162,1.0088,1.0062,1.0596,0.9758,0.8876,0.7582,0.6356,0.4402,0.8922
No,ASAJC,T20,0.3064,0.3484,0.2956,0.4418,0.6898,0.9254,0.921,0.9318,1.1524,1.0504,1.042,1.2538,1.287,1.3632,1.3244,1.3738,1.303,1.2402,1.1766,1.074,0.9566,0.8212,0.7078,0.5776,1.1746
No,ASAJC,T30,0.3572,0.3434,0.3938,0.5908,0.7388,0.8072,0.8814,0.9056,1.1074,1.0992,1.1608,1.2208,1.375,1.4382,1.361,1.4112,1.3598,1.3092,1.1734,1.1078,0.9864,0.8894,0.7516,0.6028,1.5728
No,ASAJC,T60M,0,0,0,0,0,0,0,0,0,0,0,0,0,0,0,0,0,0,0,0,0,0,0,0,0
No,ASAJC,TS,0.0414,0.029,0.0306,0.022,0.033,0.0556,0.0678,0.053,0.061,0.063,0.049,0.0806,0.039,0.0432,0.068,0.0666,0.0524,0.0398,0.0478,0.0458,0.039,0.0428,0.0322,0.0226,0.042
No,ASAJC,Topt,0.198,0.3352,0.2782,0.4816,0.8142,0.8266,0.8806,0.9144,1.15,1.0996,1.204,1.234,1.3552,1.4578,1.4226,1.415,1.29,1.2442,1.1704,1.1068,0.9756,0.8116,0.7136,0.5804,1.1846
No,AUPAJC,C50,2.866,6.326,5.21,9.322,1.438,-4.192,-5,1.592,4.932,6.318,4.148,4.186,5.016,4.554,3.632,2.47,1.968,2.834,3.8,1.012,2.996,1.618,2.698,4.936,2.96
No,AUPAJC,C80,11.904,10.752,9.422,14.684,7.138,2.798,6.602,6.666,6.9,7.844,8.284,6.232,6.906,6.556,6.712,5.646,4.436,5.37,6.254,3.504,6.254,5.762,6.69,9.49,6.14
No,AUPAJC,D50,65.9,81.1,76.84,89.52,58.18,27.56,24.04,59.08,75.7,81.06,72.24,72.42,76.04,74.04,69.76,63.84,61.14,65.74,70.6,55.8,66.58,59.2,65.04,75.72,66.38
No,AUPAJC,EDT,0.4662,0.4928,0.5636,0.3574,0.7166,0.8362,0.6346,0.6276,0.909,0.8766,0.7472,0.9006,0.9404,1.273,1.0628,1.0974,1.192,1.1936,1.2254,0.9934,0.839,0.7816,0.6526,0.5064,0.8876
No,AUPAJC,T20,0.27,0.4332,0.2954,0.5718,0.9102,0.9886,1.0814,0.9036,1.017,0.9702,1.1454,1.3384,1.3524,1.377,1.2462,1.3378,1.282,1.241,1.15,1.0422,0.9286,0.8112,0.6824,0.5518,1.1666
No,AUPAJC,T30,0.297333333,0.498,0.482,0.617,0.810333333,0.793666667,0.961666667,0.963,1.100666667,1.121666667,1.203333333,1.362,1.392333333,1.366333333,1.375,1.376333333,1.304333333,1.295333333,1.196,1.07,0.995,0.853,0.724,0.591666667,1.349
No,AUPAJC,T60M,0,0,0,0,0,0,0,0,0,0,0,0,0,0,0,0,0,0,0,0,0,0,0,0,0
No,AUPAJC,TS,0.043,0.0312,0.034,0.021,0.047,0.08,0.072,0.056,0.0422,0.0338,0.039,0.0474,0.04,0.04,0.0452,0.0522,0.06,0.0544,0.0422,0.0628,0.046,0.05,0.0474,0.0348,0.046
No,AUPAJC,Topt,0.1946,0.4742,0.2988,0.685,0.8054,0.826,0.936,1.0266,1.1656,1.1744,1.2078,1.3604,1.3478,1.4034,1.4142,1.4156,1.2974,1.2846,1.2164,1.0694,0.8944,0.772,0.6868,0.5822,1.1822
No,A0AJC,C50,3.8725,7.4725,7.18,14.115,12.7675,9.08,5.8125,2.78,9.23,7.1,5.44,8.2425,9.7575,9.58,3.9975,4.405,5.0075,4.9725,6.8,6.2825,11.7575,13.2075,14.335,15.265,10.47
No,A0AJC,C80,12.605,13.02,10.0025,17.635,13.825,10.9125,8.5425,4.175,9.55,8.7725,6.9675,9.6375,10.4575,10.845,6.0475,6.6225,7.0275,7.0475,9.48,8.4,14.2475,16.2625,17.36,19.5325,12.585
No,A0AJC,D50,70.925,84.8,83.95,96.275,94.95,89.025,79.225,65.475,89.325,83.675,77.75,86.95,90.425,90.075,71.5,73.4,75.975,75.85,82.725,80.925,93.725,95.45,96.425,97.1,91.75
No,A0AJC,EDT,0.438,0.3825,0.546,0.165,0.15175,0.36025,0.53425,1.40625,0.5385,0.5885,1.059,0.90875,0.4795,0.533,1.11175,1.06775,1.144,1.102,0.9865,0.8835,0.311,0.08625,0.08825,0.1305,0.403
No,A0AJC,T20,0.31125,0.25225,0.32225,0.52125,0.68275,0.99825,0.8235,0.65425,0.928,0.9765,1.059,1.41075,1.21075,1.28025,1.27425,1.279,1.28175,1.23375,1.1695,1.02075,0.936,0.76375,0.612,0.49875,1.044
No,A0AJC,T30,0.382,0.48025,0.49225,0.62875,0.84625,0.93375,1.007,0.83875,1.0715,0.98575,1.1655,1.3415,1.2355,1.3465,1.33175,1.2805,1.2805,1.27575,1.18825,1.0705,0.98425,0.80475,0.664,0.541,1.18775
No,A0AJC,T60M,0,0,0,0,0,0,0,0,0,0,0,0,0,0,0,0,0,0,0,0,0,0,0,0,0
No,A0AJC,TS,0.04,0.028,0.028,0.017,0.018,0.03025,0.037,0.0595,0.03125,0.034,0.0395,0.024,0.02,0.02,0.054,0.04225,0.04225,0.045,0.028,0.03325,0.01125,0.00725,0.00575,0.0045,0.013
No,A0AJC,Topt,0.3025,0.25225,0.45525,0.711,0.8325,0.9205,1.01025,1.06325,1.1615,1.05,1.24725,1.35475,1.27025,1.4185,1.30025,1.28175,1.28525,1.23575,1.18525,1.02725,0.9765,0.82,0.68625,0.53625,1.0475
No,BSAJC,C50,6.935,3.95,1.08,4.1825,3.745,5.7275,-3.695,1.3325,0.84,4.1625,-2.71,-2.23,-0.7075,-4.8075,-1.925,-3.975,-1.115,0.1225,0.22,-1.2875,-1.14,0.7,1.7225,2.0675,-0.4125
No,BSAJC,C80,7.8525,8.3325,9.575,7.22,7.74,7.985,5.3625,2.625,1.5575,6.57,2.71,3.0075,1.2775,0.6875,1.6,0.19,1.73,3.715,2.97,1.7425,2.2575,3.8225,4.9525,6.3025,2.8775
No,BSAJC,D50,83.125,71.3,56.175,72.35,70.3,78.875,29.9,57.6,54.8,72.25,34.9,37.45,45.95,24.875,39.1,28.6,43.575,50.7,51.3,42.625,43.45,54.025,59.8,61.675,47.625
No,BSAJC,EDT,0.8575,0.65525,0.626,0.65225,0.7145,0.70025,0.8235,1.29525,1.0445,0.946,0.9625,0.9395,1.4835,1.34375,1.125,1.26725,1.2135,1.00475,1.081,1.07275,0.99475,0.848,0.763,0.61725,1.04825
No,BSAJC,T20,0.522,0.801,0.86775,0.8795,0.7415,1.05925,0.9315,0.92,0.984,1.02025,1.2075,1.3265,1.25875,1.30275,1.439,1.33625,1.27575,1.29225,1.2515,1.13975,0.9935,0.883,0.7725,0.69475,1.54925
No,BSAJC,T30,0,0.81425,0.78525,0.8455,1.02925,0.98975,0.94025,1.00775,1.02825,1.1455,1.25125,1.2905,1.267,1.3525,1.41175,1.43725,1.3205,1.3285,1.3545,1.1675,1.03675,0.93275,0.40925,0,2.414
No,BSAJC,T60M,0,0,0,0,0,0,0,0,0,0,0,0,0,0,0,0,0,0,0,0,0,0,0,0,0
No,BSAJC,TS,0.0435,0.04875,0.04625,0.05475,0.042,0.037,0.07575,0.074,0.068,0.04725,0.08275,0.07875,0.09,0.103,0.093,0.10475,0.0895,0.07275,0.077,0.0825,0.0775,0.064,0.0565,0.04875,0.07825
No,BSAJC,Topt,0.5495,0.805,0.7835,0.8395,0.98625,0.96775,0.9215,0.98125,1.05075,1.14625,1.27325,1.29725,1.277,1.38225,1.43725,1.4755,1.32275,1.3215,1.26775,1.16525,1.01475,0.869,0.73,0.705,1.76725
No,BUPAJC,C50,8.78,2.336,0.464,6.138,3.178,5.55,-3.14,0.67,-1.178,-0.72,-6.184,-6.988,-4.542,-5.706,-1.244,-1.49,-3.426,-3.82,-4.918,-3.338,-3.058,-1.94,-1.47,-1.412,-2.686
No,BUPAJC,C80,10.338,7.458,9.414,10.136,8.2,8.314,6.328,2.362,0.168,2.946,4.524,4.508,-0.742,4.176,3.094,0.89,0.84,0.738,-0.212,0.98,1.484,2.928,3.664,4.902,2.41
No,BUPAJC,D50,88.2,63.08,52.66,80.38,67.52,78.22,32.66,53.84,43.28,45.86,19.4,16.84,26.04,21.66,42.88,41.5,31.24,29.34,24.42,31.68,33.14,39.04,41.66,42,35.02
No,BUPAJC,EDT,0.5396,0.6834,0.6252,0.4458,0.6506,0.7186,0.7548,0.9238,1.1232,1.0046,0.7114,1.028,1.5444,1.0968,1.327,1.386,1.4148,1.1586,1.1876,1.061,0.9684,0.8484,0.7048,0.6782,1.0304
No,BUPAJC,T20,0.575,0.784,1.027,0.83,0.83125,0.9495,0.9205,1.004,1.20075,1.224,1.141,1.23625,1.3235,1.42975,1.29625,1.40825,1.3055,1.29875,1.1515,1.085,1.02125,0.88375,0.772,0.6595,1.4
No,BUPAJC,T30,0.61,0.8065,0.852,0.805,1.0155,0.9465,0.966,0.9465,1.0955,1.1855,1.159,1.308,1.3255,1.382,1.384,1.4355,1.3215,1.3,1.208,1.1665,1.063,0.9275,0,0,1.451
No,BUPAJC,T60M,0,0,0,0,0,0,0,0,0,0,0,0,0,0,0,0,0,0,0,0,0,0,0,0,0
No,BUPAJC,TS,0.0342,0.053,0.0478,0.043,0.0428,0.04,0.0736,0.073,0.087,0.0832,0.0818,0.0896,0.1254,0.0884,0.0896,0.0932,0.1024,0.099,0.1022,0.0932,0.086,0.0758,0.069,0.0608,0.0858
No,BUPAJC,Topt,0.6184,0.7696,0.7868,0.8234,0.919,0.9486,0.9232,0.961,1.1298,1.1926,1.1392,1.3296,1.3292,1.3804,1.4166,1.4144,1.3386,1.3246,1.172,1.0986,1.0352,0.917,0.7866,0.676,1.3798
No,WEUPAJC,C50,5.756,13.83,5.97,8.658,4.534,2.284,1.05,-0.644,3.482,3.392,3.304,2.556,4.454,1.88,3.668,5.138,3.004,5.652,5.154,2.722,2.61,3.256,3.974,4.662,3.798
No,WEUPAJC,C80,12.952,17.096,9.118,9.67,8.692,7.852,6.816,5.198,4.738,4.59,4.802,5.272,7.286,4.098,6.054,6.528,3.918,7.308,7.548,5.148,5.358,5.952,7.214,8.832,6.284
No,WEUPAJC,D50,78.98,96.02,79.82,88.02,73.98,62.84,56.02,46.3,69.04,68.6,68.14,64.32,73.62,60.68,69.92,76.54,66.62,78.62,76.64,65.18,64.6,67.92,71.38,74.5,70.56
No,WEUPAJC,EDT,0.3832,0.2428,0.5692,0.5516,0.7078,0.5716,0.758,0.7844,0.7654,1.1748,1.1874,1.3172,0.9122,1.3,1.2188,1.2834,1.502,1.343,1.0682,0.9718,0.8962,0.8416,0.678,0.5254,0.9242
No,WEUPAJC,T20,0.6278,0.4122,0.4482,0.5034,1.1396,0.9356,0.9304,0.9024,0.8676,0.9914,1.1602,1.2732,1.2658,1.1796,1.2902,1.342,1.2884,1.356,1.1592,1.0546,0.9486,0.7938,0.6664,0.5278,1.1874
No,WEUPAJC,T30,0.5265,0.5085,0.36625,0.592,0.897,0.923,0.96425,0.88825,1.04175,1.02825,1.17075,1.27025,1.3565,1.309,1.37075,1.36275,1.291,1.326,1.2165,1.07775,0.9765,0.84475,0.73625,0.58075,1.68675
No,WEUPAJC,T60M,0,0,0,0,0,0,0,0,0,0,0,0,0,0,0,0,0,0,0,0,0,0,0,0,0
No,WEUPAJC,TS,0.0378,0.023,0.0328,0.025,0.0458,0.052,0.054,0.062,0.047,0.0558,0.057,0.063,0.0438,0.064,0.0528,0.045,0.0596,0.0358,0.0352,0.055,0.0504,0.0438,0.0392,0.039,0.0452
No,WEUPAJC,Topt,0.5708,0.5292,0.4252,0.656,0.798,0.865,0.9852,0.9462,1.1916,0.9492,1.1916,1.2958,1.3612,1.267,1.3836,1.3538,1.2916,1.3558,1.1978,1.0776,0.9508,0.8044,0.6314,0.5724,1.1756
No,WEAlterfacingAJC,C50,6.994,13.28,8.632,8.518,10.49,5.302,8.932,6.578,7.356,7.816,4.684,4.838,6.64,8.774,6.724,3.61,7.204,7.694,10.246,8.732,11.842,14.596,16.604,16.378,11.252
No,WEAlterfacingAJC,C80,14.572,16.908,9.788,10.344,13.326,9.93,10.366,9.488,11.232,9.516,6.502,6.802,7.376,10.118,9.188,5.366,9.316,9.612,11.604,10.818,13.442,16.286,18.394,18.17,13.072
No,WEAlterfacingAJC,D50,83.34,95.5,87.96,87.66,91.8,77.22,88.66,81.98,84.46,85.82,74.62,75.3,82.18,88.28,82.48,69.66,84,85.46,91.36,88.2,93.86,96.62,97.88,97.76,93.02
No,WEAlterfacingAJC,EDT,0.3436,0.2436,0.5584,0.576,0.3054,0.4658,0.3548,0.5418,0.433,0.7788,0.9818,0.8712,1.2976,0.946,1.0502,1.4782,0.9134,0.9524,0.4876,0.7958,0.2948,0.0386,0.0418,0.0794,0.2462
No,WEAlterfacingAJC,T20,0.6544,0.3684,0.5392,0.5124,1.0074,0.873,1.0154,0.9108,1.0284,1.1532,1.1418,1.2066,1.33,1.3332,1.3014,1.2496,1.228,1.179,1.193,1.1048,0.9658,0.7754,0.6842,0.5682,1.0816
No,WEAlterfacingAJC,T30,0.6188,0.6854,0.4322,0.584,0.9082,0.9008,1.0264,0.9084,0.9534,1.1124,1.1308,1.201,1.311,1.3354,1.3336,1.3478,1.2678,1.2578,1.2108,1.0858,0.9776,0.8446,0.7072,0.5782,1.1984
No,WEAlterfacingAJC,T60M,0,0,0,0,0,0,0,0,0,0,0,0,0,0,0,0,0,0,0,0,0,0,0,0,0
No,WEAlterfacingAJC,TS,0.0344,0.023,0.027,0.024,0.021,0.035,0.027,0.03,0.03,0.029,0.043,0.046,0.0342,0.023,0.0324,0.0574,0.027,0.025,0.015,0.0204,0.0106,0.006,0.0046,0.005,0.012
No,WEAlterfacingAJC,Topt,0.6204,0.5796,0.4426,0.6802,0.837,0.8816,1.0466,0.9954,1.029,1.1712,1.1768,1.1938,1.308,1.3626,1.3518,1.2794,1.2836,1.1852,1.2372,1.0864,0.9862,0.8764,0.7266,0.6014,1.1668
Yes,A0AJC,C50,4.335,8.5475,7.685,13.185,8.98,4.855,7.7875,5.825,9.83,3.6125,3.9925,7.015,8.67,12.34,3.1175,7.405,9.565,8.075,7.9875,7.3975,11.63,13.9,14.41,15.465,11.0925
Yes,A0AJC,C80,12.6575,13.445,11.285,16.24,11.8375,7.515,10.9,9.095,11.2325,6.68,7.5625,9.9,9.6925,13.8425,6.065,9.23,11.53,10.335,10.065,9.69,13.47,16.31,17.2625,18.82,13.2775
Yes,A0AJC,D50,73.075,87.7,85.425,95.425,88.75,75.35,85.7,79.275,90.575,69.675,71.475,83.4,88.05,94.475,67.25,84.625,90.05,86.525,86.275,84.6,93.55,96.1,96.5,97.225,92.775
Yes,A0AJC,EDT,0.4325,0.34,0.4405,0.16,0.5145,0.8385,0.3545,0.69275,0.30375,0.89725,0.7715,0.72575,0.985,0.04875,1.002,1.36425,0.629,0.7805,0.92475,0.88375,0.36425,0.0935,0.09925,0.15675,0.22375
Yes,A0AJC,T20,0.32575,0.3915,0.3145,0.47175,0.62275,0.9545,0.85125,0.7335,1.01725,0.989,0.921,1.053,1.36275,1.218,1.39,1.32075,1.194,1.1535,1.1665,1.05175,0.9375,0.75025,0.62775,0.52575,1.02775
Yes,A0AJC,T30,0.466333333,0.616666667,0.562,0.578666667,0.763333333,0.880333333,0.974333333,0.932333333,1.115,1.074,1.107,1.195666667,1.28,1.353333333,1.355,1.358333333,1.242666667,1.233,1.219333333,1.081333333,0.959,0.797666667,0.668666667,0.533,1.220333333
Yes,A0AJC,T60M,0,0,0,0,0,0,0,0,0,0,0,0,0,0,0,0,0,0,0,0,0,0,0,0,0
Yes,A0AJC,TS,0.04,0.027,0.0275,0.017,0.022,0.04125,0.03,0.038,0.022,0.047,0.044,0.027,0.025,0.012,0.05575,0.02825,0.019,0.02425,0.02475,0.0255,0.01225,0.007,0.006,0.005,0.012
Yes,A0AJC,Topt,0.26775,0.369,0.3225,0.4365,0.79775,0.879,1.0265,1.1505,1.17025,1.093,1.20975,1.251,1.29175,1.393,1.39,1.37425,1.26725,1.191,1.246,1.068,0.97075,0.804,0.68175,0.563,0.99375
Yes,ANAJC,C50,3.872,9.19,8.014,10.85,6.318,0.028,2.912,3.794,4.566,1.902,-0.692,1.02,5.724,4.29,0.306,1.252,2.658,3.952,2.798,3.116,4.832,5.548,6.008,8.438,4.404
Yes,ANAJC,C80,12.544,12.962,12.856,16.616,8.776,3.454,8.074,6.726,5.854,4.216,1.426,3.298,7.326,6.558,4.138,3.904,4.598,5.88,5.496,5.236,7.166,8.216,9.212,11.592,6.798
Yes,ANAJC,D50,70.92,89.24,86.38,92.4,81.04,50.16,66.16,70.54,74.1,60.78,46.02,55.86,78.9,72.88,51.74,57.18,64.84,71.28,65.56,67.22,75.28,78.22,79.94,87.46,73.4
Yes,ANAJC,EDT,0.44,0.3296,0.3786,0.167,0.7038,0.985,0.7612,0.8564,1.0594,1.0868,1.1522,1.174,1.219,1.2386,1.3032,1.1558,1.2642,1.1412,1.0226,1.021,0.8316,0.7238,0.5788,0.3918,0.8992
Yes,ANAJC,T20,0.2848,0.5774,0.322,0.512,0.8148,0.9398,0.9046,0.7692,1.0408,1.034,1.1274,1.3232,1.514,1.531,1.3056,1.3712,1.2778,1.25,1.185,1.0484,0.955,0.8492,0.709,0.5916,1.2146
Yes,ANAJC,T30,0.414,0.7598,0.6256,0.729,0.8286,0.805,0.9402,0.9494,1.1206,1.1046,1.1294,1.2478,1.3958,1.4696,1.3996,1.358,1.3048,1.2706,1.2164,1.0988,1.0062,0.8878,0.767,0.608,1.576
Yes,ANAJC,T60M,0,0,0,0,0,0,0,0,0,0,0,0,0,0,0,0,0,0,0,0,0,0,0,0,0
Yes,ANAJC,TS,0.041,0.0268,0.027,0.018,0.031,0.063,0.0486,0.048,0.043,0.0616,0.085,0.0718,0.041,0.0478,0.0716,0.0678,0.0576,0.0502,0.0534,0.0508,0.0382,0.0314,0.0296,0.0224,0.0424
Yes,ANAJC,Topt,0.2128,0.773,0.3292,0.7452,0.8136,0.8356,0.9746,1.0656,1.1712,1.1494,1.1802,1.2554,1.4002,1.4908,1.3526,1.382,1.2764,1.2484,1.2036,1.0628,1.0258,0.87,0.6914,0.5938,1.2528
Yes,ASAJC,C50,3.846,8.772,8.286,8.426,5.03,0.79,-0.48,6.51,2.844,3.176,2.646,-0.486,4.504,4.33,3.098,2.73,3.4,4.552,4.386,4.31,5.384,5.982,6.298,7.948,4.824
Yes,ASAJC,C80,12.634,12.622,12.8,14.416,7.634,3.708,4.216,10.004,5.848,4.932,6.024,3.714,6.902,6.398,5.21,5.316,5.62,6.316,6.912,6.164,7.514,8.042,9.186,11.374,7.194
Yes,ASAJC,D50,70.8,88.28,87.08,87.44,76.08,54.52,47.24,81.74,65.82,67.52,64.78,47.2,73.82,73.04,67.12,65.22,68.64,74.06,73.28,72.96,77.52,79.84,80.98,86.18,75.24
Yes,ASAJC,EDT,0.4386,0.3582,0.3704,0.3862,0.7812,1.0292,1.391,0.3978,1.1024,1.2396,0.9624,1.2344,0.8398,1.2368,1.3496,1.2456,1.0076,1.0746,0.9592,1.0098,0.848,0.7108,0.624,0.4408,0.856
Yes,ASAJC,T20,0.3208,0.5326,0.3238,0.3562,0.7516,0.9234,0.7912,1.1122,1.249,1.3202,1.134,1.1164,1.4398,1.3832,1.4372,1.331,1.2416,1.2836,1.192,1.0698,0.9648,0.8242,0.7186,0.572,1.207
Yes,ASAJC,T30,0.3072,0.7288,0.652,0.6534,0.7698,0.7956,0.8702,0.9708,1.2396,1.2084,1.1846,1.2958,1.366,1.4064,1.3996,1.3732,1.288,1.2988,1.2302,1.111,1.0196,0.8676,0.752,0.603,1.6474
Yes,ASAJC,T60M,0,0,0,0,0,0,0,0,0,0,0,0,0,0,0,0,0,0,0,0,0,0,0,0,0
Yes,ASAJC,TS,0.041,0.027,0.027,0.023,0.0358,0.062,0.0742,0.037,0.0552,0.0612,0.0546,0.078,0.0432,0.047,0.0616,0.057,0.0496,0.0434,0.042,0.043,0.035,0.0326,0.0278,0.0228,0.0398
Yes,ASAJC,Topt,0.2348,0.6572,0.322,0.3578,0.8034,0.8146,0.9162,0.9986,1.2312,1.2888,1.2216,1.3262,1.3694,1.4194,1.4156,1.396,1.3212,1.3018,1.2616,1.1212,0.969,0.8286,0.724,0.5784,1.2492
Yes,AUPAJC,C50,3.162,7.434,6.722,9.484,1.326,-4.762,-3.616,4.566,5.448,7.602,2.6,6.98,3.792,4.596,6.672,3.916,3.618,4.306,6.158,1.576,3.448,5.342,6.726,6.278,4.584
Yes,AUPAJC,C80,11.878,11.234,11.248,14.02,6.7,2.946,6.254,8.02,7.36,10.126,5.062,8.512,6.186,6.844,8.228,5.882,5.912,6.184,8.246,4.672,6.06,8.454,10.256,10.284,7.356
Yes,AUPAJC,D50,67.44,84.68,82.46,89.88,57.56,25.06,30.3,74.12,77.8,85.18,64.52,83.3,70.54,74.24,82.3,71.14,69.68,72.96,80.5,58.98,68.84,77.4,82.48,80.94,74.18
Yes,AUPAJC,EDT,0.4618,0.4432,0.4552,0.3296,0.744,0.8296,0.803,0.679,0.7762,0.6036,1.0038,1.0064,0.8704,1.0396,1.009,1.2104,1.1608,1.2222,1.1532,1.075,0.9046,0.548,0.4532,0.4858,0.7832
Yes,AUPAJC,T20,0.2848,0.6532,0.3304,0.495,0.9364,0.9854,0.9014,0.9722,0.9446,1.1576,1.0916,1.2452,1.2742,1.3682,1.3998,1.3238,1.316,1.276,1.1898,1.0454,0.9866,0.8284,0.6856,0.5186,1.18
Yes,AUPAJC,T30,0.3356,0.7144,0.5962,0.6414,0.8494,0.7864,0.9368,1.011,1.1244,1.1412,1.1362,1.226,1.2814,1.3638,1.351,1.3442,1.294,1.255,1.2184,1.0944,1.0108,0.8534,0.7142,0.5608,1.3632
Yes,AUPAJC,T60M,0,0,0,0,0,0,0,0,0,0,0,0,0,0,0,0,0,0,0,0,0,0,0,0,0
Yes,AUPAJC,TS,0.043,0.0296,0.03,0.021,0.048,0.079,0.069,0.046,0.0414,0.0294,0.057,0.029,0.0498,0.0386,0.033,0.0488,0.0478,0.0484,0.0302,0.0584,0.0464,0.0386,0.0356,0.032,0.0392
Yes,AUPAJC,Topt,0.2062,0.6252,0.3286,0.712,0.7392,0.8136,0.9222,1.0042,1.18,1.1676,1.1526,1.2556,1.2924,1.3746,1.3814,1.3678,1.3032,1.2866,1.1962,1.0424,0.9986,0.8406,0.6908,0.5248,1.2302
Yes,BSAJC,C50,6.836,3.164,0.968,3.418,1.818,4.254,-2.332,-0.144,1.942,6.49,-2.118,-1.282,-0.902,-3.734,-2.892,-3.934,-2.852,-0.028,0.418,-0.624,-0.586,1.09,0.886,2.692,-0.312
Yes,BSAJC,C80,7.568,8.03,9.746,6.95,4.53,5.522,3.944,1.04,2.578,9.348,1.97,3.13,2.294,0.232,1.894,0.486,0.596,2.68,2.69,2.738,3.45,4.222,4.214,6.986,2.978
Yes,BSAJC,D50,82.82,67.44,55.52,68.7,60.3,72.68,36.86,49.2,61,81.66,38.06,42.66,44.8,29.74,33.94,28.82,34.14,49.82,52.42,46.42,46.64,56.24,55.06,64.98,48.22
Yes,BSAJC,EDT,0.83,0.6476,0.6318,0.6286,0.9766,0.9832,1.0576,1.3304,1.0592,0.5684,1.1806,0.972,1.4078,1.4118,1.1518,1.3602,1.2232,1.1418,1.148,1.0552,0.9434,0.822,0.7792,0.5998,1.0584
Yes,BSAJC,T20,0.5206,0.7356,0.8572,0.98,0.7692,0.992,0.8738,0.9132,1.1342,1.0856,1.2638,1.3046,1.2898,1.3996,1.4682,1.3952,1.3828,1.2876,1.2136,1.1192,0.9824,0.865,0.7142,0.6446,1.3704
Yes,BSAJC,T30,0.5904,0.7128,0.8298,0.9026,0.9536,0.9222,0.9524,1.0308,1.0516,1.1142,1.2806,1.254,1.2946,1.3118,1.392,1.3646,1.3474,1.2954,1.2646,1.1664,1.039,0.914,0.769,0.6752,1.8284
Yes,BSAJC,T60M,0,0,0,0,0,0,0,0,0,0,0,0,0,0,0,0,0,0,0,0,0,0,0,0,0
Yes,BSAJC,TS,0.042,0.0496,0.0456,0.0594,0.0564,0.0444,0.0804,0.0854,0.0638,0.0374,0.0872,0.0788,0.092,0.1042,0.0916,0.1082,0.0984,0.0788,0.079,0.0752,0.0712,0.06,0.0586,0.047,0.0768
Yes,BSAJC,Topt,0.5894,0.694,0.7388,0.896,0.9386,0.9074,0.9092,0.9084,1.046,1.1268,1.336,1.2758,1.291,1.396,1.4036,1.3672,1.35,1.3024,1.273,1.1164,0.9836,0.8682,0.6928,0.641,1.4022
Yes,BUPAJC,C50,8.286,3.948,1.362,4.338,1.868,5.316,-2.102,0.004,1.006,-0.94,-6.504,-4.622,-4.296,-5.932,-3.434,-4.012,-4.126,-4.474,-5.088,-3.142,-3.354,-3.824,-2.434,-1.23,-3.172
Yes,BUPAJC,C80,9.11,9.274,10.43,8.646,6.322,6.688,4.828,2.452,1.818,2.382,2.154,2.764,1.21,1.492,1.272,1.464,1.172,0.164,0.74,1.48,0.766,2.022,3.178,5.486,2.052
Yes,BUPAJC,D50,87.08,71.28,57.76,73.08,60.6,77.28,38.14,50.02,55.78,44.62,18.26,25.64,27.14,20.32,31.2,28.42,27.88,26.3,23.68,32.68,31.62,29.28,36.36,42.98,32.52
Yes,BUPAJC,EDT,0.6892,0.6416,0.614,0.4996,0.8248,1.0018,1.0486,0.877,1.3452,1.0084,0.983,1.1074,1.4336,1.1948,1.1234,1.336,1.068,1.1904,1.2864,1.053,0.9852,0.9064,0.7658,0.6454,1.019
Yes,BUPAJC,T20,0.4242,0.707,0.9232,0.6984,0.7928,0.9262,0.875,0.9952,1.0192,1.0454,1.1898,1.2664,1.269,1.4086,1.2634,1.3256,1.3896,1.2972,1.1906,1.0864,0.9844,0.8142,0.7268,0.6432,1.284
Yes,BUPAJC,T30,0.5228,0.7556,0.8676,0.8356,0.9202,0.9352,0.9584,0.9892,1.1094,1.0376,1.2346,1.281,1.3482,1.4046,1.3422,1.3336,1.3232,1.2858,1.2478,1.1242,1.0108,0.8704,0.7672,0.7048,1.8288
Yes,BUPAJC,T60M,0,0,0,0,0,0,0,0,0,0,0,0,0,0,0,0,0,0,0,0,0,0,0,0,0
Yes,BUPAJC,TS,0.0358,0.0452,0.044,0.047,0.052,0.042,0.0788,0.073,0.0748,0.084,0.0982,0.093,0.1062,0.0996,0.0944,0.1034,0.0982,0.1026,0.104,0.0932,0.0902,0.083,0.0726,0.06,0.0884
Yes,BUPAJC,Topt,0.4658,0.6894,0.8104,0.7348,0.8442,0.9538,0.9316,1.0868,1.153,1.1066,1.252,1.3362,1.368,1.4434,1.3328,1.3346,1.3578,1.2872,1.2068,1.0998,1.0074,0.8058,0.7668,0.6712,1.3538
Yes,WEAlterfacingAJC,C50,7.088,12.868,8.488,8.334,10.806,5.924,8.666,6.942,7.712,8.04,4.46,4.982,6.212,7.364,5.08,2.628,7.978,9.04,10.122,8.578,11.846,13.854,15.988,12.88,10.432
Yes,WEAlterfacingAJC,C80,15.004,16.196,9.58,10.142,13.466,10.512,10.674,9.89,11.76,9.85,6.448,6.742,7.258,8.956,7.884,4.516,9.094,10.432,11.536,10.442,13.838,15.55,17.836,15.958,12.244
Yes,WEAlterfacingAJC,D50,83.64,95.08,87.58,87.2,92.32,79.66,88.04,83.16,85.52,86.42,73.62,75.86,80.7,84.5,76.3,64.7,86.28,88.92,91.14,87.84,93.86,96.06,97.56,95.08,91.68
Yes,WEAlterfacingAJC,EDT,0.3444,0.246,0.5748,0.5798,0.284,0.4314,0.3626,0.5008,0.4136,0.6272,0.9438,0.9182,1.1996,1.1284,1.1258,1.3736,1.157,0.7718,0.5908,0.7238,0.2492,0.0828,0.0456,0.1898,0.361
Yes,WEAlterfacingAJC,T20,0.6242,0.355,0.518,0.506,0.9706,0.8606,0.9586,0.8834,1.0316,1.165,1.1318,1.1578,1.29,1.2858,1.332,1.2868,1.2624,1.2252,1.1408,1.0676,0.9548,0.7916,0.6618,0.5654,1.0884
Yes,WEAlterfacingAJC,T30,0.6372,0.5904,0.427,0.5806,0.901,0.9294,1.0004,0.8956,0.9554,1.123,1.1354,1.222,1.2896,1.311,1.3516,1.3772,1.2622,1.2768,1.166,1.071,0.9308,0.814,0.694,0.5682,1.1932
Yes,WEAlterfacingAJC,T60M,0,0,0,0,0,0,0,0,0,0,0,0,0,0,0,0,0,0,0,0,0,0,0,0,0
Yes,WEAlterfacingAJC,TS,0.034,0.023,0.0274,0.025,0.021,0.033,0.027,0.029,0.028,0.028,0.045,0.046,0.0358,0.028,0.0436,0.0672,0.026,0.021,0.015,0.02,0.011,0.0074,0.005,0.0086,0.014
Yes,WEAlterfacingAJC,Topt,0.6542,0.46,0.4636,0.6282,0.8416,0.902,1.053,1.0014,1.0068,1.1528,1.229,1.237,1.2812,1.3584,1.355,1.2576,1.2656,1.2808,1.1818,1.0724,0.9588,0.8316,0.711,0.575,1.1106
Yes,WEUPAJC,C50,5.706,13.7,5.864,8.774,4.516,2.458,1.098,-0.646,3.526,3.384,3.164,2.25,4.698,1.994,3.64,5.02,2.954,5.608,5.198,2.734,2.556,3.234,4.122,4.662,3.796
Yes,WEUPAJC,C80,12.986,16.794,9.054,9.78,8.544,8.004,6.78,5.214,4.83,4.716,4.704,4.976,7.434,4.124,6.036,6.35,3.924,7.326,7.638,5.22,5.454,6.052,7.312,8.872,6.314
Yes,WEUPAJC,D50,78.82,95.9,79.44,88.3,73.86,63.78,56.26,46.28,69.26,68.56,67.44,62.7,74.68,61.28,69.8,76.08,66.38,78.44,76.78,65.26,64.3,67.8,72.08,74.52,70.56
Yes,WEUPAJC,EDT,0.3866,0.2416,0.5702,0.5408,0.7228,0.5602,0.7502,0.7942,0.7514,1.1234,1.1372,1.2846,0.9006,1.3502,1.2034,1.3416,1.506,1.3292,1.044,0.9712,0.8838,0.8488,0.6712,0.5202,0.924
Yes,WEUPAJC,T20,0.621,0.4164,0.4414,0.4938,1.1514,0.941,0.8854,0.8966,0.868,0.984,1.162,1.2652,1.257,1.1674,1.2834,1.3328,1.2808,1.3296,1.158,1.0664,0.946,0.7812,0.662,0.5274,1.1716
Yes,WEUPAJC,T30,0.5776,0.503,0.3828,0.595,0.882,0.9234,0.9488,0.883,1.0122,1.0316,1.146,1.2648,1.3378,1.2998,1.3694,1.3458,1.2932,1.3114,1.2012,1.0728,0.967,0.8244,0.7256,0.5748,1.5052
Yes,WEUPAJC,T60M,0,0,0,0,0,0,0,0,0,0,0,0,0,0,0,0,0,0,0,0,0,0,0,0,0
Yes,WEUPAJC,TS,0.0378,0.023,0.033,0.024,0.0466,0.051,0.053,0.063,0.046,0.0546,0.0574,0.065,0.043,0.064,0.052,0.0456,0.059,0.036,0.0348,0.055,0.05,0.0434,0.039,0.0388,0.045
Yes,WEUPAJC,Topt,0.5614,0.5204,0.4386,0.6756,0.7892,0.8576,0.9688,0.951,1.1818,0.9492,1.1722,1.293,1.3282,1.1674,1.3864,1.3408,1.3074,1.3382,1.2052,1.0742,0.9564,0.8216,0.6386,0.5616,1.1488
