Filename,Measurement Code,Measurement Type,50,63,80,100,125,160,200,250,315,400,500,630,800,1000,1250,1600,2000,2500,3150,4000,5000,6300,8000,10000,full
Grouped data.txt,1A2NHifi,EDT (s),2.140,1.767,2.346,2.955,3.412,3.651,3.745,4.497,3.643,3.386,2.953,3.195,2.679,2.362,2.597,2.317,1.685,1.509,1.675,1.824,,,,,2.581
Grouped data.txt,1A2NHifi,T20 (s),2.009,1.671,2.823,3.070,3.508,0.000,0.000,0.000,0.000,0.000,3.270,3.278,2.958,2.735,2.337,2.168,1.826,1.509,1.584,1.804,,,,,3.261
Grouped data.txt,1A2NHifi,T30 (s),2.105,1.681,0.000,0.000,0.000,0.000,0.000,0.000,0.000,0.000,0.000,0.000,0.000,0.000,2.393,2.214,1.862,1.543,1.642,1.811,,,,,0.000
Grouped data.txt,1A2NHifi,Topt (s),2.116,1.665,2.807,3.052,3.475,3.799,3.730,0.000,3.879,3.759,3.242,3.392,2.939,2.698,2.402,2.226,1.801,1.544,1.674,1.821,,,,,3.272
Grouped data.txt,1A2NHifi,ToptStart (dB),-5.000,-5.000,-5.000,-5.000,-5.000,-5.000,-5.000,-5.000,-5.000,-5.000,-5.000,-5.000,-5.000,-5.000,-5.000,-5.000,-5.000,-5.000,-5.000,-5.000,,,,,-5.000
Grouped data.txt,1A2NHifi,ToptEnd (dB),-41.000,-33.000,-27.000,-28.000,-23.000,-23.000,-24.000,-5.000,-20.000,-22.000,-28.000,-22.000,-31.000,-34.000,-37.000,-40.000,-23.000,-37.000,-51.000,-47.000,,,,,-28.000
Grouped data.txt,1A2NHifi,T60M (s),0.000,0.000,0.000,0.000,0.000,0.000,0.000,0.000,0.000,0.000,0.000,0.000,0.000,0.000,0.000,0.000,0.000,0.000,0.000,0.000,,,,,0.000
Grouped data.txt,1A2NHifi,C50 (dB),-1.09,-2.96,-2.67,-3.77,-5.30,-11.56,-9.50,-6.14,-10.88,-5.78,-4.25,-1.97,-4.03,-3.06,-0.84,-0.17,-1.07,-2.04,-2.75,-2.39,,,,,-3.29
Grouped data.txt,1A2NHifi,C80 (dB),-0.05,-1.65,-1.60,-2.30,-2.21,-7.85,-4.92,-4.29,-9.25,-5.01,-2.60,0.40,-2.14,-1.82,0.40,1.24,0.98,0.95,0.83,-0.04,,,,,-1.13
Grouped data.txt,1A2NHifi,D50 (%),43.7,33.6,35.1,29.6,22.8,6.5,10.1,19.6,7.5,20.9,27.3,38.8,28.3,33.1,45.2,49.0,43.9,38.5,34.7,36.6,,,,,31.9
Grouped data.txt,1A2NHifi,TS (s),0.139,0.139,0.165,0.212,0.236,0.286,0.272,0.294,0.298,0.255,0.199,0.171,0.191,0.165,0.134,0.118,0.106,0.104,0.114,0.119,,,,,0.165
Grouped data.txt,1B2NHifi,EDT (s),2.227,1.613,2.481,2.809,3.269,3.541,3.648,3.999,3.066,3.892,3.414,3.038,2.381,2.324,2.608,1.997,1.563,1.363,1.415,1.887,,,,,2.329
Grouped data.txt,1B2NHifi,T20 (s),2.019,1.601,2.678,3.117,3.095,3.470,0.000,0.000,0.000,0.000,0.000,3.016,3.087,2.634,2.489,2.231,1.876,1.529,1.612,1.814,,,,,3.186
Grouped data.txt,1B2NHifi,T30 (s),2.039,1.638,0.000,0.000,0.000,0.000,0.000,0.000,0.000,0.000,0.000,0.000,0.000,0.000,2.438,2.259,1.873,1.570,1.666,1.813,,,,,0.000
Grouped data.txt,1B2NHifi,Topt (s),2.048,1.602,2.621,3.115,3.107,3.470,3.972,4.340,3.545,3.849,3.775,3.026,2.981,2.635,2.438,2.283,1.873,1.576,1.701,1.825,,,,,3.149
Grouped data.txt,1B2NHifi,ToptStart (dB),-5.000,-5.000,-5.000,-5.000,-5.000,-5.000,-5.000,-5.000,-5.000,-5.000,-5.000,-5.000,-5.000,-5.000,-5.000,-5.000,-5.000,-5.000,-5.000,-5.000,,,,,-5.000
Grouped data.txt,1B2NHifi,ToptEnd (dB),-41.000,-33.000,-31.000,-26.000,-28.000,-25.000,-24.000,-20.000,-20.000,-22.000,-24.000,-28.000,-30.000,-34.000,-35.000,-39.000,-35.000,-39.000,-51.000,-47.000,,,,,-29.000
Grouped data.txt,1B2NHifi,T60M (s),0.000,0.000,0.000,0.000,0.000,0.000,0.000,0.000,0.000,0.000,0.000,0.000,0.000,0.000,0.000,0.000,0.000,0.000,0.000,0.000,,,,,0.000
Grouped data.txt,1B2NHifi,C50 (dB),-5.65,-5.65,-7.63,-7.51,-7.30,-8.38,-7.44,-6.28,-10.31,-5.79,-4.53,-6.16,-8.63,-7.16,-4.98,-4.77,-1.60,-1.73,-3.14,-3.13,,,,,-4.42
Grouped data.txt,1B2NHifi,C80 (dB),-2.68,-0.62,-5.16,-5.21,-3.28,-4.25,-3.63,-2.88,-5.78,-4.37,-3.46,-3.51,-5.24,-2.31,-1.76,-1.58,1.47,0.68,0.02,-0.49,,,,,-1.62
Grouped data.txt,1B2NHifi,D50 (%),21.4,21.4,14.7,15.1,15.7,12.7,15.3,19.1,8.5,20.8,26.1,19.5,12.0,16.1,24.1,25.0,40.9,40.2,32.6,32.7,,,,,26.6
Grouped data.txt,1B2NHifi,TS (s),0.174,0.129,0.234,0.233,0.222,0.250,0.265,0.255,0.242,0.303,0.251,0.220,0.209,0.179,0.177,0.154,0.106,0.103,0.111,0.132,,,,,0.169
Grouped data.txt,1D2NHifi,EDT (s),2.093,1.890,2.437,3.387,3.068,3.775,3.849,4.241,4.031,4.170,3.472,3.089,2.905,2.564,2.410,2.278,1.681,1.371,1.568,1.762,,,,,2.498
Grouped data.txt,1D2NHifi,T20 (s),1.839,1.695,2.797,3.556,3.141,0.000,0.000,0.000,0.000,0.000,3.275,3.136,2.620,2.655,2.429,2.161,1.788,1.542,1.631,1.889,,,,,3.056
Grouped data.txt,1D2NHifi,T30 (s),1.886,1.633,0.000,0.000,0.000,0.000,0.000,0.000,0.000,0.000,0.000,0.000,0.000,0.000,2.417,2.145,1.905,1.567,1.637,1.879,,,,,0.000
Grouped data.txt,1D2NHifi,Topt (s),1.864,1.690,2.723,3.556,3.126,3.284,3.934,0.000,3.781,3.739,3.288,3.136,2.654,2.651,2.418,2.147,1.789,1.569,1.642,1.866,,,,,3.043
Grouped data.txt,1D2NHifi,ToptStart (dB),-5.000,-5.000,-5.000,-5.000,-5.000,-5.000,-5.000,-5.000,-5.000,-5.000,-5.000,-5.000,-5.000,-5.000,-5.000,-5.000,-5.000,-5.000,-5.000,-5.000,,,,,-5.000
Grouped data.txt,1D2NHifi,ToptEnd (dB),-33.000,-27.000,-32.000,-25.000,-27.000,-23.000,-21.000,-5.000,-22.000,-22.000,-26.000,-25.000,-31.000,-33.000,-36.000,-39.000,-27.000,-36.000,-38.000,-46.000,,,,,-28.000
Grouped data.txt,1D2NHifi,T60M (s),0.000,0.000,0.000,0.000,0.000,0.000,0.000,0.000,0.000,0.000,0.000,0.000,0.000,0.000,0.000,0.000,0.000,0.000,0.000,0.000,,,,,0.000
Grouped data.txt,1D2NHifi,C50 (dB),-5.87,-7.14,-12.89,-6.17,-5.66,-8.09,-10.34,-11.05,-10.26,-3.29,-9.71,-5.03,-5.31,-6.68,-5.30,-5.09,-2.45,-1.86,-3.37,-2.14,,,,,-4.07
Grouped data.txt,1D2NHifi,C80 (dB),-2.33,-3.05,-4.16,-3.90,-4.33,-7.92,-7.14,-5.96,-4.59,-2.10,-6.87,-2.79,-2.99,-2.98,-2.70,-2.66,0.65,0.90,-0.40,0.06,,,,,-1.76
Grouped data.txt,1D2NHifi,D50 (%),20.6,16.2,4.9,19.5,21.3,13.4,8.5,7.3,8.6,31.9,9.7,23.9,22.8,17.7,22.8,23.6,36.2,39.5,31.5,37.9,,,,,28.2
Grouped data.txt,1D2NHifi,TS (s),0.164,0.155,0.180,0.246,0.235,0.344,0.336,0.332,0.270,0.251,0.262,0.213,0.205,0.196,0.181,0.165,0.118,0.102,0.120,0.123,,,,,0.172
Grouped data.txt,2B2NHifi 2,EDT (s),1.238,1.643,2.312,4.022,3.013,2.528,3.958,3.035,3.881,4.155,3.466,2.789,3.166,2.598,2.522,2.046,1.569,1.436,1.542,1.655,,,,,2.342
Grouped data.txt,2B2NHifi 2,T20 (s),2.088,2.068,2.941,3.371,2.936,2.904,0.000,0.000,0.000,0.000,3.375,3.376,2.864,2.615,2.493,2.375,1.867,1.600,1.634,1.845,,,,,3.064
Grouped data.txt,2B2NHifi 2,T30 (s),2.159,2.115,0.000,0.000,0.000,0.000,0.000,0.000,0.000,0.000,0.000,0.000,0.000,0.000,2.485,2.345,1.909,1.595,1.642,1.836,,,,,0.000
Grouped data.txt,2B2NHifi 2,Topt (s),2.187,2.128,2.847,3.187,2.941,2.904,3.907,3.469,4.020,3.784,3.370,3.370,2.875,2.625,2.490,2.348,1.909,1.594,1.670,1.835,,,,,3.080
Grouped data.txt,2B2NHifi 2,ToptStart (dB),-5.000,-5.000,-5.000,-5.000,-5.000,-5.000,-5.000,-5.000,-5.000,-5.000,-5.000,-5.000,-5.000,-5.000,-5.000,-5.000,-5.000,-5.000,-5.000,-5.000,,,,,-5.000
Grouped data.txt,2B2NHifi 2,ToptEnd (dB),-43.000,-41.000,-31.000,-22.000,-27.000,-25.000,-22.000,-23.000,-23.000,-23.000,-27.000,-27.000,-32.000,-34.000,-36.000,-39.000,-35.000,-42.000,-52.000,-48.000,,,,,-30.000
Grouped data.txt,2B2NHifi 2,T60M (s),0.000,0.000,0.000,0.000,0.000,0.000,0.000,0.000,0.000,0.000,0.000,0.000,0.000,0.000,0.000,0.000,0.000,0.000,0.000,0.000,,,,,0.000
Grouped data.txt,2B2NHifi 2,C50 (dB),3.23,-1.05,-4.24,-5.15,-7.65,-6.52,-7.45,-5.98,-4.46,-3.50,-2.82,-2.25,-1.52,-2.49,-2.52,-1.23,-2.26,-0.90,-1.34,-2.29,,,,,-2.88
Grouped data.txt,2B2NHifi 2,C80 (dB),5.85,0.09,-1.84,-3.21,-3.36,-2.88,-4.02,-3.54,-3.90,-1.58,-1.27,-1.17,0.53,-0.92,-0.89,0.69,0.50,2.26,1.28,0.17,,,,,-0.69
Grouped data.txt,2B2NHifi 2,D50 (%),67.8,44.0,27.4,23.4,14.7,18.2,15.3,20.2,26.4,30.9,34.3,37.3,41.3,36.1,35.9,43.0,37.3,44.8,42.4,37.1,,,,,34.0
Grouped data.txt,2B2NHifi 2,TS (s),0.076,0.125,0.183,0.280,0.230,0.200,0.286,0.222,0.284,0.234,0.210,0.180,0.158,0.160,0.157,0.130,0.115,0.092,0.098,0.116,,,,,0.152
Grouped data.txt,2D2NHifi,EDT (s),1.766,1.879,2.938,2.780,3.365,3.700,4.107,4.117,3.869,3.739,3.567,3.016,2.487,2.404,2.349,2.100,1.478,1.507,1.561,1.893,,,,,2.555
Grouped data.txt,2D2NHifi,T20 (s),1.738,1.657,2.506,2.519,3.513,0.000,0.000,0.000,0.000,0.000,0.000,3.157,3.108,2.544,2.358,2.111,1.834,1.526,1.639,1.798,,,,,3.156
Grouped data.txt,2D2NHifi,T30 (s),1.768,1.745,0.000,0.000,0.000,0.000,0.000,0.000,0.000,0.000,0.000,0.000,0.000,0.000,2.449,2.266,1.885,1.558,1.616,1.796,,,,,0.000
Grouped data.txt,2D2NHifi,Topt (s),1.739,1.653,1.894,2.544,3.310,4.058,4.233,3.545,3.615,3.681,3.636,3.153,3.090,2.624,2.446,2.278,1.929,1.567,1.611,1.805,,,,,3.129
Grouped data.txt,2D2NHifi,ToptStart (dB),-5.000,-5.000,-5.000,-5.000,-5.000,-5.000,-5.000,-5.000,-5.000,-5.000,-5.000,-5.000,-5.000,-5.000,-5.000,-5.000,-5.000,-5.000,-5.000,-5.000,,,,,-5.000
Grouped data.txt,2D2NHifi,ToptEnd (dB),-32.000,-31.000,-20.000,-24.000,-27.000,-22.000,-22.000,-21.000,-22.000,-24.000,-23.000,-27.000,-30.000,-34.000,-36.000,-40.000,-47.000,-46.000,-45.000,-47.000,,,,,-29.000
Grouped data.txt,2D2NHifi,T60M (s),0.000,0.000,0.000,0.000,0.000,0.000,0.000,0.000,0.000,0.000,0.000,0.000,0.000,0.000,0.000,0.000,0.000,0.000,0.000,0.000,,,,,0.000
Grouped data.txt,2D2NHifi,C50 (dB),-0.68,-5.20,-7.99,-11.09,-9.07,-8.95,-7.58,-8.12,-8.77,-7.13,-4.57,-5.18,-5.44,-3.30,-2.74,-1.66,-0.98,-1.57,-2.83,-2.95,,,,,-3.95
Grouped data.txt,2D2NHifi,C80 (dB),1.43,-2.37,-6.59,-5.21,-7.01,-6.46,-5.37,-6.06,-7.46,-5.24,-3.25,-2.70,-3.14,-1.55,-0.70,-0.31,1.18,1.31,0.40,-0.28,,,,,-1.78
Grouped data.txt,2D2NHifi,D50 (%),46.1,23.2,13.7,7.2,11.0,11.3,14.9,13.4,11.7,16.2,25.9,23.3,22.2,31.9,34.7,40.5,44.4,41.1,34.3,33.6,,,,,28.7
Grouped data.txt,2D2NHifi,TS (s),0.115,0.153,0.232,0.232,0.304,0.327,0.310,0.299,0.273,0.286,0.258,0.224,0.194,0.162,0.147,0.128,0.098,0.103,0.115,0.129,,,,,0.172
Grouped data.txt,4A2NHiFi,EDT (s),1.664,2.008,2.172,3.842,3.056,3.953,3.562,3.947,3.638,3.926,3.453,3.168,2.995,2.633,2.401,2.155,2.094,1.688,1.564,1.791,,,,,2.481
Grouped data.txt,4A2NHiFi,T20 (s),2.095,1.954,3.194,0.000,3.429,0.000,0.000,0.000,3.418,3.553,3.575,3.372,2.740,2.719,2.445,2.305,1.793,1.540,1.700,1.852,,,,,3.091
Grouped data.txt,4A2NHiFi,T30 (s),2.221,2.058,0.000,0.000,0.000,0.000,0.000,0.000,0.000,0.000,0.000,0.000,0.000,0.000,2.372,2.314,1.849,1.547,1.655,1.830,,,,,0.000
Grouped data.txt,4A2NHiFi,Topt (s),2.095,1.916,3.194,3.550,3.419,3.798,3.605,4.229,3.446,3.429,3.575,3.362,2.787,2.690,2.370,2.304,1.809,1.541,1.656,1.832,,,,,3.090
Grouped data.txt,4A2NHiFi,ToptStart (dB),-5.000,-5.000,-5.000,-5.000,-5.000,-5.000,-5.000,-5.000,-5.000,-5.000,-5.000,-5.000,-5.000,-5.000,-5.000,-5.000,-5.000,-5.000,-5.000,-5.000,,,,,-5.000
Grouped data.txt,4A2NHiFi,ToptEnd (dB),-25.000,-22.000,-25.000,-23.000,-26.000,-22.000,-24.000,-22.000,-24.000,-23.000,-25.000,-27.000,-32.000,-34.000,-37.000,-39.000,-29.000,-40.000,-51.000,-47.000,,,,,-27.000
Grouped data.txt,4A2NHiFi,T60M (s),0.000,0.000,0.000,0.000,0.000,0.000,0.000,0.000,0.000,0.000,0.000,0.000,0.000,0.000,0.000,0.000,0.000,0.000,0.000,0.000,,,,,0.000
Grouped data.txt,4A2NHiFi,C50 (dB),1.95,-4.86,-3.44,-4.15,-5.87,-5.43,-7.62,-7.21,-8.79,-4.59,-3.95,-4.14,-2.02,-3.14,-2.92,-0.22,-0.87,-1.93,-1.38,-2.56,,,,,-3.12
Grouped data.txt,4A2NHiFi,C80 (dB),4.01,-3.51,-2.00,-3.96,-3.41,-4.55,-3.37,-5.03,-6.15,-3.30,-2.68,-2.95,-0.21,-0.61,-1.28,0.82,0.59,0.71,0.61,-0.19,,,,,-1.18
Grouped data.txt,4A2NHiFi,D50 (%),61.1,24.6,31.2,27.8,20.6,22.3,14.8,16.0,11.7,25.8,28.7,27.8,38.6,32.7,33.8,48.7,45.0,39.1,42.1,35.7,,,,,32.8
Grouped data.txt,4A2NHiFi,TS (s),0.093,0.164,0.165,0.263,0.232,0.292,0.262,0.299,0.243,0.254,0.227,0.228,0.171,0.165,0.158,0.124,0.123,0.115,0.107,0.125,,,,,0.164
Grouped data.txt,4B2NHiFi,EDT (s),2.469,2.022,2.715,3.299,2.543,3.456,3.568,3.674,3.424,3.613,3.363,2.945,2.983,2.689,2.564,2.240,1.868,1.369,1.524,1.835,,,,,2.362
Grouped data.txt,4B2NHiFi,T20 (s),2.513,2.125,2.938,3.265,2.788,3.524,0.000,0.000,0.000,0.000,0.000,3.079,3.014,2.601,2.516,2.224,1.776,1.573,1.670,1.854,,,,,2.993
Grouped data.txt,4B2NHiFi,T30 (s),0.000,2.353,0.000,0.000,0.000,0.000,0.000,0.000,0.000,0.000,0.000,0.000,0.000,0.000,2.520,2.235,1.850,1.569,1.642,1.846,,,,,0.000
Grouped data.txt,4B2NHiFi,Topt (s),2.541,1.954,2.850,3.262,2.771,3.521,3.685,3.579,3.444,3.905,3.425,3.064,2.981,2.617,2.520,2.236,1.868,1.563,1.662,1.841,,,,,2.970
Grouped data.txt,4B2NHiFi,ToptStart (dB),-5.000,-5.000,-5.000,-5.000,-5.000,-5.000,-5.000,-5.000,-5.000,-5.000,-5.000,-5.000,-5.000,-5.000,-5.000,-5.000,-5.000,-5.000,-5.000,-5.000,,,,,-5.000
Grouped data.txt,4B2NHiFi,ToptEnd (dB),-34.000,-20.000,-32.000,-26.000,-29.000,-26.000,-20.000,-22.000,-21.000,-23.000,-23.000,-27.000,-30.000,-33.000,-35.000,-39.000,-46.000,-41.000,-52.000,-47.000,,,,,-29.000
Grouped data.txt,4B2NHiFi,T60M (s),0.000,0.000,0.000,0.000,0.000,0.000,0.000,0.000,0.000,0.000,0.000,0.000,0.000,0.000,0.000,0.000,0.000,0.000,0.000,0.000,,,,,0.000
Grouped data.txt,4B2NHiFi,C50 (dB),-7.25,-6.91,-10.57,-12.88,-5.98,-3.92,-4.23,-8.47,-6.86,-4.35,-7.05,-8.67,-4.80,-4.20,-3.63,-3.49,-1.77,-0.94,-1.43,-2.24,,,,,-3.44
Grouped data.txt,4B2NHiFi,C80 (dB),-4.44,-2.63,-3.35,-6.41,-1.66,-2.65,-1.74,-5.30,-6.17,-3.23,-6.22,-5.90,-2.69,-1.96,-0.78,-1.98,0.13,1.75,0.81,0.25,,,,,-1.16
Grouped data.txt,4B2NHiFi,D50 (%),15.8,16.9,8.1,4.9,20.2,28.8,27.4,12.4,17.1,26.9,16.5,12.0,24.9,27.5,30.2,30.9,39.9,44.6,41.8,37.4,,,,,31.2
Grouped data.txt,4B2NHiFi,TS (s),0.206,0.161,0.191,0.240,0.177,0.224,0.233,0.289,0.260,0.259,0.280,0.246,0.194,0.180,0.164,0.161,0.125,0.099,0.109,0.123,,,,,0.160
Grouped data.txt,4C2NHiFi,EDT (s),2.586,2.073,2.494,2.353,2.066,3.347,3.800,3.437,3.868,3.384,3.090,3.446,3.159,2.435,2.247,2.038,1.823,1.491,1.563,1.735,,,,,2.245
Grouped data.txt,4C2NHiFi,T20 (s),2.556,2.728,2.782,3.187,2.647,3.035,3.519,0.000,0.000,0.000,0.000,3.449,2.902,2.715,2.530,2.277,1.769,1.574,1.646,1.834,,,,,2.990
Grouped data.txt,4C2NHiFi,T30 (s),0.000,0.000,0.000,0.000,0.000,0.000,0.000,0.000,0.000,0.000,0.000,0.000,0.000,0.000,2.502,2.223,1.910,1.560,1.645,1.817,,,,,0.000
Grouped data.txt,4C2NHiFi,Topt (s),2.583,2.624,2.860,3.084,2.629,3.011,3.501,4.091,3.951,3.515,3.689,3.520,2.885,2.678,2.547,2.215,1.682,1.605,1.649,1.812,,,,,2.951
Grouped data.txt,4C2NHiFi,ToptStart (dB),-5.000,-5.000,-5.000,-5.000,-5.000,-5.000,-5.000,-5.000,-5.000,-5.000,-5.000,-5.000,-5.000,-5.000,-5.000,-5.000,-5.000,-5.000,-5.000,-5.000,,,,,-5.000
Grouped data.txt,4C2NHiFi,ToptEnd (dB),-32.000,-33.000,-30.000,-29.000,-32.000,-28.000,-26.000,-20.000,-24.000,-24.000,-23.000,-23.000,-29.000,-34.000,-24.000,-39.000,-20.000,-51.000,-40.000,-47.000,,,,,-31.000
Grouped data.txt,4C2NHiFi,T60M (s),0.000,0.000,0.000,0.000,0.000,0.000,0.000,0.000,0.000,0.000,0.000,0.000,0.000,0.000,0.000,0.000,0.000,0.000,0.000,0.000,,,,,0.000
Grouped data.txt,4C2NHiFi,C50 (dB),-9.51,1.52,-3.75,-6.98,-5.94,-5.77,-4.61,-6.64,-5.45,-3.63,-5.80,-6.64,-6.64,-4.70,-4.61,-4.95,-4.84,-3.56,-2.38,-3.59,,,,,-4.35
Grouped data.txt,4C2NHiFi,C80 (dB),-6.50,2.00,-2.35,-4.87,-3.97,-5.04,-3.65,-3.88,-4.29,-1.72,-4.61,-5.18,-3.56,-2.31,-0.51,-2.32,-1.75,-0.15,0.66,0.01,,,,,-1.89
Grouped data.txt,4C2NHiFi,D50 (%),10.1,58.6,29.7,16.7,20.3,20.9,25.7,17.8,22.2,30.3,20.8,17.8,17.8,25.3,25.7,24.2,24.7,30.6,36.6,30.4,,,,,26.9
Grouped data.txt,4C2NHiFi,TS (s),0.226,0.122,0.198,0.233,0.177,0.240,0.238,0.244,0.268,0.221,0.249,0.266,0.220,0.175,0.153,0.162,0.144,0.117,0.112,0.125,,,,,0.165
Grouped data.txt,4D2NHiFi,EDT (s),1.894,1.979,2.676,2.882,2.672,4.225,3.895,3.970,3.989,4.019,3.170,3.515,2.589,2.791,2.548,2.329,1.967,1.547,1.494,1.866,,,,,2.454
Grouped data.txt,4D2NHiFi,T20 (s),2.061,1.998,3.059,3.100,3.411,0.000,0.000,0.000,0.000,0.000,3.389,3.410,2.886,2.593,2.446,2.337,1.763,1.581,1.659,1.798,,,,,3.044
Grouped data.txt,4D2NHiFi,T30 (s),2.184,2.105,0.000,0.000,2.738,0.000,0.000,0.000,0.000,0.000,0.000,0.000,0.000,0.000,2.473,2.307,1.821,1.575,1.672,1.810,,,,,0.000
Grouped data.txt,4D2NHiFi,Topt (s),2.068,1.977,3.070,3.363,3.933,3.710,3.052,4.344,3.666,3.824,3.399,3.410,2.843,2.621,2.477,2.300,1.841,1.622,1.678,1.807,,,,,3.046
Grouped data.txt,4D2NHiFi,ToptStart (dB),-5.000,-5.000,-5.000,-5.000,-5.000,-5.000,-5.000,-5.000,-5.000,-5.000,-5.000,-5.000,-5.000,-5.000,-5.000,-5.000,-5.000,-5.000,-5.000,-5.000,,,,,-5.000
Grouped data.txt,4D2NHiFi,ToptEnd (dB),-26.000,-24.000,-29.000,-20.000,-20.000,-20.000,-20.000,-22.000,-24.000,-23.000,-24.000,-25.000,-33.000,-34.000,-36.000,-39.000,-46.000,-52.000,-46.000,-48.000,,,,,-30.000
Grouped data.txt,4D2NHiFi,T60M (s),0.000,0.000,0.000,0.000,0.000,0.000,0.000,0.000,0.000,0.000,0.000,0.000,0.000,0.000,0.000,0.000,0.000,0.000,0.000,0.000,,,,,0.000
Grouped data.txt,4D2NHiFi,C50 (dB),-1.09,-5.76,-2.74,-5.10,-1.97,-5.34,-8.37,-7.75,-4.72,-2.56,-3.26,-4.23,-2.88,-1.83,-2.04,-1.35,-1.39,-1.21,-1.22,-1.85,,,,,-2.44
Grouped data.txt,4D2NHiFi,C80 (dB),1.53,-1.97,-1.87,-1.84,-0.25,-3.79,-5.02,-4.73,-3.15,-1.78,-2.21,-1.52,-0.29,0.29,-0.68,0.17,0.49,1.30,1.31,0.18,,,,,-0.48
Grouped data.txt,4D2NHiFi,D50 (%),43.7,21.0,34.7,23.6,38.9,22.6,12.7,14.4,25.2,35.7,32.1,27.4,34.0,39.6,38.5,42.3,42.1,43.1,43.0,39.5,,,,,36.3
Grouped data.txt,4D2NHiFi,TS (s),0.121,0.159,0.186,0.202,0.186,0.295,0.298,0.272,0.263,0.220,0.208,0.214,0.163,0.154,0.148,0.135,0.123,0.104,0.097,0.120,,,,,0.153
Grouped data.txt,4D2NHiFi,EDT (s),2.038,2.051,2.691,2.607,3.019,4.666,3.514,4.419,4.131,3.980,3.377,3.013,2.917,2.676,2.224,2.291,2.022,1.559,1.627,1.762,,,,,2.414
Grouped data.txt,4D2NHiFi,T20 (s),2.439,2.454,3.079,3.632,3.548,0.000,0.000,0.000,0.000,0.000,3.301,3.093,2.717,2.722,2.362,2.181,1.724,1.563,1.704,1.816,,,,,3.121
Grouped data.txt,4D2NHiFi,T30 (s),2.485,2.503,0.000,0.000,0.000,0.000,0.000,0.000,0.000,0.000,0.000,0.000,0.000,0.000,2.473,2.214,1.770,1.520,1.653,1.805,,,,,0.000
Grouped data.txt,4D2NHiFi,Topt (s),2.481,2.503,3.113,3.654,3.580,0.000,3.684,3.926,4.077,3.955,3.294,3.058,2.726,2.682,2.469,2.214,1.778,1.562,1.649,1.819,,,,,2.983
Grouped data.txt,4D2NHiFi,ToptStart (dB),-5.000,-5.000,-5.000,-5.000,-5.000,-5.000,-5.000,-5.000,-5.000,-5.000,-5.000,-5.000,-5.000,-5.000,-5.000,-5.000,-5.000,-5.000,-5.000,-5.000,,,,,-5.000
Grouped data.txt,4D2NHiFi,ToptEnd (dB),-36.000,-35.000,-29.000,-24.000,-28.000,-5.000,-23.000,-22.000,-22.000,-20.000,-26.000,-27.000,-31.000,-34.000,-37.000,-40.000,-37.000,-55.000,-53.000,-48.000,,,,,-20.000
Grouped data.txt,4D2NHiFi,T60M (s),0.000,0.000,0.000,0.000,0.000,0.000,0.000,0.000,0.000,0.000,0.000,0.000,0.000,0.000,0.000,0.000,0.000,0.000,0.000,0.000,,,,,0.000
Grouped data.txt,4D2NHiFi,C50 (dB),-1.71,-4.72,-2.32,-4.65,-1.43,-7.83,-8.01,-7.13,-2.89,-3.33,-4.06,-2.87,-2.87,-0.30,0.10,-0.42,-1.24,-1.85,-0.52,-1.52,,,,,-1.96
Grouped data.txt,4D2NHiFi,C80 (dB),0.93,-0.95,-1.57,-1.44,0.42,-5.63,-6.42,-5.16,-1.57,-2.00,-2.60,-1.67,-1.42,1.48,0.91,0.58,0.44,0.57,2.37,0.83,,,,,-0.23
Grouped data.txt,4D2NHiFi,D50 (%),40.3,25.2,36.9,25.5,41.8,14.2,13.7,16.2,34.0,31.7,28.2,34.1,34.0,48.3,50.6,47.6,42.9,39.5,47.0,41.3,,,,,38.9
Grouped data.txt,4D2NHiFi,TS (s),0.134,0.157,0.183,0.195,0.190,0.346,0.268,0.284,0.242,0.241,0.223,0.197,0.191,0.143,0.128,0.131,0.120,0.105,0.093,0.114,,,,,0.148
Grouped data.txt,5B2NHiFi 2,EDT (s),2.143,1.439,2.201,3.164,2.848,3.337,3.950,3.408,3.796,3.853,3.819,3.823,3.208,2.468,2.367,2.001,1.716,1.748,1.570,1.873,,,,,2.420
Grouped data.txt,5B2NHiFi 2,T20 (s),2.064,1.627,2.854,3.183,2.894,2.755,0.000,0.000,3.029,0.000,3.493,3.428,2.713,2.578,2.458,2.287,1.774,1.516,1.637,1.780,,,,,2.788
Grouped data.txt,5B2NHiFi 2,T30 (s),2.127,1.895,0.000,0.000,0.000,0.000,0.000,0.000,0.000,0.000,0.000,0.000,0.000,0.000,2.403,2.290,1.826,1.545,1.696,1.819,,,,,0.000
Grouped data.txt,5B2NHiFi 2,Topt (s),2.033,1.978,2.754,3.191,2.929,2.849,3.693,4.055,3.038,3.509,3.336,3.213,2.742,2.559,2.402,2.281,1.871,1.549,1.695,1.830,,,,,2.805
Grouped data.txt,5B2NHiFi 2,ToptStart (dB),-5.000,-5.000,-5.000,-5.000,-5.000,-5.000,-5.000,-5.000,-5.000,-5.000,-5.000,-5.000,-5.000,-5.000,-5.000,-5.000,-5.000,-5.000,-5.000,-5.000,,,,,-5.000
Grouped data.txt,5B2NHiFi 2,ToptEnd (dB),-21.000,-44.000,-32.000,-27.000,-30.000,-28.000,-23.000,-22.000,-26.000,-23.000,-23.000,-22.000,-31.000,-34.000,-36.000,-40.000,-46.000,-36.000,-50.000,-47.000,,,,,-28.000
Grouped data.txt,5B2NHiFi 2,T60M (s),0.000,0.000,0.000,0.000,0.000,0.000,0.000,0.000,0.000,0.000,0.000,0.000,0.000,0.000,0.000,0.000,0.000,0.000,0.000,0.000,,,,,0.000
Grouped data.txt,5B2NHiFi 2,C50 (dB),-8.25,-2.52,-6.61,-4.01,-4.35,-8.07,-7.24,-10.26,-5.31,-8.72,-2.70,-5.24,-4.38,-3.62,-5.52,-2.64,-1.83,-1.63,-3.23,-2.75,,,,,-3.75
Grouped data.txt,5B2NHiFi 2,C80 (dB),-4.46,-0.83,-5.01,-3.79,-2.92,-6.60,-5.25,-8.66,-1.68,-7.28,-1.74,-3.48,-2.82,-1.68,-3.29,-1.13,0.43,0.56,-0.79,-0.56,,,,,-1.92
Grouped data.txt,5B2NHiFi 2,D50 (%),13.0,35.9,17.9,28.4,26.9,13.5,15.9,8.6,22.7,11.8,35.0,23.0,26.7,30.3,21.9,35.3,39.6,40.7,32.2,34.7,,,,,29.7
Grouped data.txt,5B2NHiFi 2,TS (s),0.185,0.118,0.194,0.238,0.208,0.236,0.294,0.299,0.204,0.306,0.241,0.267,0.217,0.170,0.181,0.135,0.113,0.114,0.122,0.130,,,,,0.168
Grouped data.txt,5C2NHiFi 2,EDT (s),2.020,1.845,2.918,2.553,3.479,2.966,3.208,4.298,3.903,4.039,3.555,3.196,2.930,2.552,2.215,2.170,1.788,1.652,1.509,1.765,,,,,2.301
Grouped data.txt,5C2NHiFi 2,T20 (s),2.058,2.045,2.812,2.420,3.181,2.863,3.182,0.000,0.000,0.000,3.273,3.316,2.825,2.646,2.377,2.350,1.863,1.544,1.633,1.824,,,,,2.740
Grouped data.txt,5C2NHiFi 2,T30 (s),2.115,2.250,0.000,2.543,0.000,0.000,0.000,0.000,0.000,0.000,0.000,0.000,0.000,2.713,2.436,2.356,1.903,1.544,1.638,1.833,,,,,0.000
Grouped data.txt,5C2NHiFi 2,Topt (s),2.034,2.069,2.821,2.380,3.181,2.934,3.180,3.933,3.671,3.611,3.277,3.316,2.844,2.495,2.430,2.349,1.898,1.559,1.669,1.847,,,,,2.657
Grouped data.txt,5C2NHiFi 2,ToptStart (dB),-5.000,-5.000,-5.000,-5.000,-5.000,-5.000,-5.000,-5.000,-5.000,-5.000,-5.000,-5.000,-5.000,-5.000,-5.000,-5.000,-5.000,-5.000,-5.000,-5.000,,,,,-5.000
Grouped data.txt,5C2NHiFi 2,ToptEnd (dB),-21.000,-26.000,-31.000,-24.000,-27.000,-29.000,-26.000,-22.000,-21.000,-23.000,-27.000,-25.000,-32.000,-20.000,-36.000,-39.000,-46.000,-41.000,-52.000,-48.000,,,,,-22.000
Grouped data.txt,5C2NHiFi 2,T60M (s),0.000,0.000,0.000,0.000,0.000,0.000,0.000,0.000,0.000,0.000,0.000,0.000,0.000,0.000,0.000,0.000,0.000,0.000,0.000,0.000,,,,,0.000
Grouped data.txt,5C2NHiFi 2,C50 (dB),-3.71,3.27,-4.47,-0.88,-2.32,-7.19,-7.46,-5.21,-1.71,-0.64,-2.69,-2.47,-0.44,-0.34,-1.06,-2.26,-1.36,0.20,-0.44,-1.40,,,,,-1.14
Grouped data.txt,5C2NHiFi 2,C80 (dB),-0.77,4.45,-3.21,-0.75,-1.94,-3.54,-1.51,-3.23,-1.36,-0.17,-1.84,-1.43,0.63,0.80,0.77,-0.37,0.56,1.87,1.69,0.39,,,,,0.52
Grouped data.txt,5C2NHiFi 2,D50 (%),29.9,68.0,26.3,44.9,36.9,16.0,15.2,23.2,40.3,46.3,35.0,36.1,47.5,48.0,43.9,37.3,42.2,51.2,47.5,42.0,,,,,43.5
Grouped data.txt,5C2NHiFi 2,TS (s),0.147,0.097,0.206,0.159,0.226,0.214,0.211,0.248,0.214,0.184,0.199,0.196,0.154,0.137,0.132,0.143,0.118,0.091,0.097,0.114,,,,,0.130
Grouped data.txt,5D2NHifi,EDT (s),2.070,1.914,3.002,3.133,2.874,3.444,2.408,2.978,3.282,3.563,3.537,3.232,3.138,2.446,2.567,2.372,1.947,1.491,1.548,1.834,,,,,2.407
Grouped data.txt,5D2NHifi,T20 (s),1.950,1.720,3.064,3.559,3.552,0.000,2.728,0.000,0.000,3.523,3.226,3.174,2.914,2.631,2.445,2.258,1.826,1.559,1.577,1.749,,,,,3.108
Grouped data.txt,5D2NHifi,T30 (s),2.040,1.853,0.000,0.000,2.779,0.000,0.000,0.000,0.000,0.000,0.000,0.000,0.000,0.000,2.469,2.293,1.878,1.564,1.623,1.789,,,,,0.000
Grouped data.txt,5D2NHifi,Topt (s),2.066,1.741,3.042,3.559,3.648,3.756,2.806,3.456,3.385,3.569,3.248,3.189,2.925,2.645,2.472,2.293,1.815,1.585,1.659,1.815,,,,,3.107
Grouped data.txt,5D2NHifi,ToptStart (dB),-5.000,-5.000,-5.000,-5.000,-5.000,-5.000,-5.000,-5.000,-5.000,-5.000,-5.000,-5.000,-5.000,-5.000,-5.000,-5.000,-5.000,-5.000,-5.000,-5.000,,,,,-5.000
Grouped data.txt,5D2NHifi,ToptEnd (dB),-41.000,-28.000,-29.000,-25.000,-23.000,-23.000,-23.000,-21.000,-24.000,-26.000,-26.000,-27.000,-29.000,-34.000,-36.000,-35.000,-28.000,-45.000,-51.000,-47.000,,,,,-28.000
Grouped data.txt,5D2NHifi,T60M (s),0.000,0.000,0.000,0.000,0.000,0.000,0.000,0.000,0.000,0.000,0.000,0.000,0.000,0.000,0.000,0.000,0.000,0.000,0.000,0.000,,,,,0.000
Grouped data.txt,5D2NHifi,C50 (dB),-4.37,-7.20,-5.96,-10.35,-4.46,-9.40,-7.52,-9.29,-9.13,-4.50,-5.78,-5.50,-4.02,-4.93,-1.85,-2.19,0.15,-1.36,-1.84,-3.75,,,,,-4.29
Grouped data.txt,5D2NHifi,C80 (dB),-2.25,-4.76,-4.44,-6.32,-0.37,-6.13,-4.44,-6.58,-7.97,-2.70,-4.41,-3.20,-1.34,-2.82,-0.66,-0.37,2.07,1.68,0.78,-0.92,,,,,-2.06
Grouped data.txt,5D2NHifi,D50 (%),26.8,16.0,20.2,8.4,26.4,10.3,15.0,10.5,10.9,26.2,20.9,22.0,28.4,24.3,39.5,37.7,50.9,42.3,39.5,29.7,,,,,27.1
Grouped data.txt,5D2NHifi,TS (s),0.157,0.164,0.231,0.243,0.192,0.252,0.194,0.243,0.260,0.239,0.258,0.229,0.194,0.185,0.155,0.145,0.101,0.099,0.109,0.134,,,,,0.169
2Crotation collection.txt,2CcForward 1,EDT (s),2.210,2.268,1.659,2.446,2.473,3.068,1.970,2.725,2.430,1.634,1.203,1.648,1.193,1.112,0.807,0.719,0.881,0.863,0.792,0.672,0.690,0.642,0.564,0.375,1.267
2Crotation collection.txt,2CcForward 1,T20 (s),2.442,2.283,1.739,2.651,2.792,2.555,2.267,2.583,2.329,2.284,1.948,1.488,1.248,1.112,0.860,0.803,0.824,0.781,0.781,0.744,0.721,0.662,0.607,0.494,2.209
2Crotation collection.txt,2CcForward 1,T30 (s),2.583,2.273,1.946,0.000,0.000,0.000,2.453,0.000,2.129,2.079,1.841,1.591,1.223,1.151,0.938,0.852,0.804,0.808,0.803,0.799,0.769,0.712,0.655,0.535,2.404
2Crotation collection.txt,2CcForward 1,Topt (s),2.442,2.353,1.799,2.587,2.713,2.498,2.279,2.521,2.122,2.262,1.858,1.707,1.224,1.144,0.981,0.872,0.821,0.803,0.806,0.810,0.727,0.672,0.571,0.468,2.417
2Crotation collection.txt,2CcForward 1,ToptStart (dB),-5.000,-5.000,-5.000,-5.000,-5.000,-5.000,-5.000,-5.000,-5.000,-5.000,-5.000,-5.000,-5.000,-5.000,-5.000,-5.000,-5.000,-5.000,-5.000,-5.000,-5.000,-5.000,-5.000,-5.000,-5.000
2Crotation collection.txt,2CcForward 1,ToptEnd (dB),-25.000,-20.000,-27.000,-34.000,-33.000,-31.000,-26.000,-34.000,-39.000,-27.000,-48.000,-51.000,-41.000,-40.000,-45.000,-42.000,-52.000,-34.000,-37.000,-38.000,-27.000,-29.000,-21.000,-20.000,-40.000
2Crotation collection.txt,2CcForward 1,T60M (s),0.000,0.000,0.000,0.000,0.000,0.000,0.000,0.000,0.000,0.000,0.000,0.000,0.000,0.000,0.000,0.000,0.000,0.000,0.000,0.000,0.000,0.000,0.000,0.000,0.000
2Crotation collection.txt,2CcForward 1,C50 (dB),-2.70,-5.00,-2.11,-4.37,-8.87,-2.25,-3.30,-7.72,-7.15,-2.34,-1.68,0.81,1.34,2.51,0.47,1.56,0.22,1.37,1.31,1.52,3.17,6.17,7.31,8.57,1.44
2Crotation collection.txt,2CcForward 1,C80 (dB),-0.46,-2.57,1.92,-3.60,-0.12,-0.80,-2.10,-6.04,-3.44,1.55,0.54,2.23,2.78,5.08,4.26,5.59,3.08,4.29,4.70,5.94,7.27,9.64,11.06,13.23,3.71
2Crotation collection.txt,2CcForward 1,D50 (%),34.9,24.0,38.1,26.8,11.5,37.3,31.9,14.5,16.1,36.8,40.5,54.7,57.6,64.0,52.7,58.9,51.3,57.8,57.5,58.7,67.5,80.6,84.3,87.8,58.2
2Crotation collection.txt,2CcForward 1,TS (s),0.149,0.174,0.115,0.179,0.174,0.175,0.145,0.213,0.188,0.112,0.108,0.093,0.075,0.061,0.061,0.055,0.062,0.058,0.060,0.052,0.041,0.026,0.023,0.022,0.075
2Crotation collection.txt,2CcForward 2,EDT (s),2.191,2.245,1.667,2.456,2.477,3.063,1.972,2.732,2.439,1.636,1.203,1.651,1.198,1.112,0.805,0.718,0.877,0.857,0.790,0.673,0.691,0.641,0.565,0.374,1.265
2Crotation collection.txt,2CcForward 2,T20 (s),2.367,2.315,1.741,2.648,2.795,2.540,2.260,2.577,2.322,2.280,1.950,1.487,1.253,1.111,0.859,0.800,0.819,0.778,0.774,0.748,0.717,0.665,0.612,0.489,2.204
2Crotation collection.txt,2CcForward 2,T30 (s),2.376,2.313,1.945,0.000,0.000,0.000,2.440,0.000,2.116,2.084,1.854,1.604,1.223,1.146,0.932,0.850,0.803,0.804,0.814,0.804,0.778,0.722,0.658,0.536,2.394
2Crotation collection.txt,2CcForward 2,Topt (s),2.346,2.311,1.804,2.572,2.717,2.493,2.270,2.509,2.104,2.265,1.878,1.716,1.237,1.143,1.008,0.873,0.818,0.799,0.816,0.828,0.721,0.666,0.566,0.464,2.407
2Crotation collection.txt,2CcForward 2,ToptStart (dB),-5.000,-5.000,-5.000,-5.000,-5.000,-5.000,-5.000,-5.000,-5.000,-5.000,-5.000,-5.000,-5.000,-5.000,-5.000,-5.000,-5.000,-5.000,-5.000,-5.000,-5.000,-5.000,-5.000,-5.000,-5.000
2Crotation collection.txt,2CcForward 2,ToptEnd (dB),-29.000,-33.000,-27.000,-34.000,-32.000,-31.000,-26.000,-34.000,-39.000,-27.000,-48.000,-51.000,-46.000,-40.000,-54.000,-42.000,-42.000,-34.000,-36.000,-46.000,-26.000,-27.000,-20.000,-20.000,-40.000
2Crotation collection.txt,2CcForward 2,T60M (s),0.000,0.000,0.000,0.000,0.000,0.000,0.000,0.000,0.000,0.000,0.000,0.000,0.000,0.000,0.000,0.000,0.000,0.000,0.000,0.000,0.000,0.000,0.000,0.000,0.000
2Crotation collection.txt,2CcForward 2,C50 (dB),-2.24,-5.11,-2.05,-4.51,-9.11,-2.28,-3.28,-7.70,-7.22,-2.42,-1.68,0.84,1.35,2.45,0.47,1.56,0.24,1.38,1.38,1.57,3.19,6.15,7.26,8.49,1.45
2Crotation collection.txt,2CcForward 2,C80 (dB),-0.12,-2.62,1.95,-3.74,-0.20,-0.80,-2.06,-6.02,-3.47,1.49,0.53,2.25,2.80,5.03,4.20,5.59,3.11,4.31,4.78,5.89,7.27,9.79,11.06,13.16,3.73
2Crotation collection.txt,2CcForward 2,D50 (%),37.4,23.6,38.4,26.1,10.9,37.2,32.0,14.5,15.9,36.4,40.5,54.8,57.7,63.8,52.7,58.9,51.4,57.9,57.9,58.9,67.6,80.5,84.2,87.6,58.3
2Crotation collection.txt,2CcForward 2,TS (s),0.146,0.173,0.115,0.180,0.175,0.175,0.145,0.213,0.189,0.112,0.108,0.093,0.075,0.061,0.061,0.055,0.061,0.058,0.059,0.052,0.041,0.026,0.022,0.021,0.075
2Crotation collection.txt,2CcForward 3,EDT (s),2.174,2.255,1.661,2.456,2.481,3.058,1.973,2.735,2.434,1.636,1.201,1.649,1.202,1.108,0.807,0.719,0.876,0.869,0.797,0.684,0.698,0.638,0.575,0.376,1.264
2Crotation collection.txt,2CcForward 3,T20 (s),2.313,2.211,1.737,2.652,2.805,2.544,2.252,2.570,2.316,2.283,1.953,1.491,1.245,1.109,0.860,0.807,0.822,0.771,0.773,0.742,0.717,0.663,0.606,0.487,2.200
2Crotation collection.txt,2CcForward 3,T30 (s),0.000,2.274,1.928,0.000,0.000,0.000,2.427,0.000,2.123,2.087,1.855,1.617,1.221,1.147,0.936,0.853,0.805,0.801,0.799,0.793,0.776,0.714,0.660,0.524,2.406
2Crotation collection.txt,2CcForward 3,Topt (s),2.300,2.215,1.789,2.591,2.720,2.495,2.263,2.511,2.123,2.266,1.865,1.723,1.221,1.145,0.905,0.871,0.838,0.796,0.799,0.831,0.720,0.665,0.576,0.467,2.419
2Crotation collection.txt,2CcForward 3,ToptStart (dB),-5.000,-5.000,-5.000,-5.000,-5.000,-5.000,-5.000,-5.000,-5.000,-5.000,-5.000,-5.000,-5.000,-5.000,-5.000,-5.000,-5.000,-5.000,-5.000,-5.000,-5.000,-5.000,-5.000,-5.000,-5.000
2Crotation collection.txt,2CcForward 3,ToptEnd (dB),-28.000,-29.000,-27.000,-34.000,-33.000,-31.000,-26.000,-34.000,-40.000,-27.000,-48.000,-51.000,-41.000,-40.000,-32.000,-42.000,-52.000,-34.000,-37.000,-46.000,-26.000,-27.000,-21.000,-20.000,-39.000
2Crotation collection.txt,2CcForward 3,T60M (s),0.000,0.000,0.000,0.000,0.000,0.000,0.000,0.000,0.000,0.000,0.000,0.000,0.000,0.000,0.000,0.000,0.000,0.000,0.000,0.000,0.000,0.000,0.000,0.000,0.000
2Crotation collection.txt,2CcForward 3,C50 (dB),-2.66,-4.98,-2.08,-4.40,-8.86,-2.20,-3.28,-7.74,-7.16,-2.36,-1.68,0.83,1.33,2.46,0.42,1.64,0.34,1.39,1.36,1.46,3.33,6.19,7.19,8.47,1.49
2Crotation collection.txt,2CcForward 3,C80 (dB),-0.38,-2.54,1.98,-3.63,-0.15,-0.77,-2.08,-6.05,-3.46,1.53,0.52,2.25,2.78,5.00,4.18,5.64,3.13,4.28,4.75,5.73,7.33,9.84,11.06,13.12,3.74
2Crotation collection.txt,2CcForward 3,D50 (%),35.2,24.1,38.3,26.6,11.5,37.6,32.0,14.4,16.1,36.7,40.4,54.8,57.6,63.8,52.4,59.3,52.0,57.9,57.8,58.3,68.3,80.6,84.0,87.5,58.5
2Crotation collection.txt,2CcForward 3,TS (s),0.145,0.173,0.115,0.180,0.175,0.175,0.145,0.213,0.188,0.112,0.108,0.093,0.076,0.062,0.062,0.055,0.062,0.058,0.059,0.053,0.041,0.026,0.023,0.022,0.075
2Crotation collection.txt,2CcForward 4,EDT (s),2.190,2.240,1.668,2.461,2.479,3.050,1.973,2.740,2.428,1.631,1.201,1.654,1.204,1.101,0.810,0.716,0.873,0.866,0.786,0.683,0.693,0.632,0.572,0.377,1.259
2Crotation collection.txt,2CcForward 4,T20 (s),2.450,2.293,1.731,2.642,2.769,2.545,2.259,2.571,2.324,2.279,1.942,1.487,1.244,1.111,0.862,0.808,0.826,0.775,0.790,0.742,0.710,0.658,0.602,0.485,2.195
2Crotation collection.txt,2CcForward 4,T30 (s),2.531,2.355,1.939,0.000,0.000,0.000,2.443,0.000,2.127,2.086,1.855,1.618,1.216,1.145,0.935,0.856,0.798,0.808,0.809,0.794,0.764,0.709,0.656,0.523,2.391
2Crotation collection.txt,2CcForward 4,Topt (s),2.446,2.298,1.783,2.571,2.766,2.507,2.274,2.510,2.127,2.262,1.894,1.680,1.239,1.140,1.008,0.868,0.810,0.803,0.809,0.803,0.716,0.660,0.570,0.485,2.408
2Crotation collection.txt,2CcForward 4,ToptStart (dB),-5.000,-5.000,-5.000,-5.000,-5.000,-5.000,-5.000,-5.000,-5.000,-5.000,-5.000,-5.000,-5.000,-5.000,-5.000,-5.000,-5.000,-5.000,-5.000,-5.000,-5.000,-5.000,-5.000,-5.000,-5.000
2Crotation collection.txt,2CcForward 4,ToptEnd (dB),-31.000,-27.000,-27.000,-34.000,-26.000,-31.000,-26.000,-34.000,-39.000,-27.000,-48.000,-44.000,-29.000,-40.000,-54.000,-42.000,-41.000,-34.000,-37.000,-37.000,-27.000,-27.000,-21.000,-25.000,-40.000
2Crotation collection.txt,2CcForward 4,T60M (s),0.000,0.000,0.000,0.000,0.000,0.000,0.000,0.000,0.000,0.000,0.000,0.000,0.000,0.000,0.000,0.000,0.000,0.000,0.000,0.000,0.000,0.000,0.000,0.000,0.000
2Crotation collection.txt,2CcForward 4,C50 (dB),-2.23,-5.07,-1.99,-4.50,-9.03,-2.21,-3.24,-7.68,-7.18,-2.45,-1.73,0.84,1.38,2.50,0.39,1.57,0.31,1.37,1.40,1.49,3.24,6.16,7.23,8.44,1.50
2Crotation collection.txt,2CcForward 4,C80 (dB),-0.12,-2.60,2.01,-3.72,-0.19,-0.77,-2.04,-6.02,-3.45,1.49,0.46,2.24,2.84,5.09,4.17,5.62,3.13,4.32,4.82,5.74,7.31,9.92,11.14,13.03,3.78
2Crotation collection.txt,2CcForward 4,D50 (%),37.4,23.7,38.7,26.2,11.1,37.5,32.2,14.6,16.1,36.3,40.2,54.8,57.9,64.0,52.3,59.0,51.8,57.8,58.0,58.5,67.9,80.5,84.1,87.5,58.5
2Crotation collection.txt,2CcForward 4,TS (s),0.147,0.172,0.115,0.180,0.175,0.174,0.145,0.213,0.188,0.111,0.108,0.093,0.075,0.061,0.062,0.055,0.061,0.058,0.059,0.053,0.041,0.026,0.023,0.022,0.074
2Crotation collection.txt,2CcForward 5,EDT (s),2.165,2.256,1.661,2.455,2.476,3.046,1.974,2.744,2.424,1.634,1.202,1.658,1.204,1.096,0.814,0.716,0.876,0.867,0.786,0.682,0.687,0.634,0.576,0.374,1.258
2Crotation collection.txt,2CcForward 5,T20 (s),2.404,2.280,1.694,2.645,2.815,2.542,2.233,2.569,2.321,2.275,1.940,1.479,1.243,1.112,0.855,0.811,0.828,0.780,0.790,0.745,0.719,0.658,0.603,0.488,2.196
2Crotation collection.txt,2CcForward 5,T30 (s),2.447,2.243,1.876,0.000,0.000,0.000,2.356,0.000,2.121,2.079,1.853,1.617,1.217,1.149,0.937,0.856,0.803,0.822,0.810,0.793,0.771,0.719,0.651,0.525,2.406
2Crotation collection.txt,2CcForward 5,Topt (s),2.383,2.340,1.872,2.584,2.734,2.514,2.242,2.514,2.121,2.257,1.854,1.705,1.238,1.142,1.004,0.888,0.837,0.789,0.812,0.801,0.726,0.662,0.567,0.488,2.419
2Crotation collection.txt,2CcForward 5,ToptStart (dB),-5.000,-5.000,-5.000,-5.000,-5.000,-5.000,-5.000,-5.000,-5.000,-5.000,-5.000,-5.000,-5.000,-5.000,-5.000,-5.000,-5.000,-5.000,-5.000,-5.000,-5.000,-5.000,-5.000,-5.000,-5.000
2Crotation collection.txt,2CcForward 5,ToptEnd (dB),-29.000,-20.000,-36.000,-34.000,-32.000,-31.000,-26.000,-34.000,-40.000,-27.000,-48.000,-50.000,-29.000,-40.000,-53.000,-51.000,-52.000,-28.000,-36.000,-37.000,-27.000,-27.000,-21.000,-25.000,-39.000
2Crotation collection.txt,2CcForward 5,T60M (s),0.000,0.000,0.000,0.000,0.000,0.000,0.000,0.000,0.000,0.000,0.000,0.000,0.000,0.000,0.000,0.000,0.000,0.000,0.000,0.000,0.000,0.000,0.000,0.000,0.000
2Crotation collection.txt,2CcForward 5,C50 (dB),-2.70,-4.99,-2.06,-4.40,-8.87,-2.17,-3.27,-7.73,-7.14,-2.37,-1.71,0.80,1.32,2.53,0.42,1.58,0.32,1.33,1.36,1.52,3.24,6.15,7.21,8.53,1.50
2Crotation collection.txt,2CcForward 5,C80 (dB),-0.41,-2.56,2.00,-3.63,-0.15,-0.75,-2.08,-6.05,-3.44,1.55,0.46,2.20,2.80,5.11,4.17,5.64,3.12,4.28,4.79,5.76,7.34,9.91,11.12,13.01,3.78
2Crotation collection.txt,2CcForward 5,D50 (%),35.0,24.1,38.4,26.6,11.5,37.8,32.0,14.4,16.2,36.7,40.3,54.6,57.6,64.2,52.4,59.0,51.8,57.6,57.8,58.7,67.8,80.5,84.0,87.7,58.6
2Crotation collection.txt,2CcForward 5,TS (s),0.146,0.173,0.114,0.180,0.175,0.174,0.145,0.213,0.188,0.112,0.108,0.093,0.075,0.061,0.062,0.055,0.061,0.058,0.059,0.053,0.041,0.026,0.023,0.022,0.074
2Crotation collection.txt,2CcRight 1,EDT (s),2.179,2.286,1.642,2.442,1.915,3.075,2.490,2.315,2.594,2.045,1.675,1.438,1.209,0.975,1.062,0.900,0.862,0.851,0.837,0.696,0.671,0.627,0.534,0.411,1.371
2Crotation collection.txt,2CcRight 1,T20 (s),2.355,2.259,1.839,2.463,2.685,2.593,2.330,2.796,2.275,2.091,1.687,1.615,1.174,1.043,0.903,0.867,0.782,0.784,0.757,0.777,0.744,0.702,0.599,0.499,2.276
2Crotation collection.txt,2CcRight 1,T30 (s),2.346,2.231,2.017,2.510,2.755,0.000,2.424,0.000,2.113,2.031,1.751,1.603,1.211,1.075,0.909,0.864,0.817,0.821,0.824,0.809,0.786,0.746,0.660,0.531,2.506
2Crotation collection.txt,2CcRight 1,Topt (s),2.325,2.238,2.017,2.510,2.743,2.515,2.424,2.726,2.098,2.035,1.808,1.603,1.281,1.112,0.909,0.856,0.785,0.791,0.760,0.839,0.803,0.756,0.593,0.493,2.131
2Crotation collection.txt,2CcRight 1,ToptStart (dB),-5.000,-5.000,-5.000,-5.000,-5.000,-5.000,-5.000,-5.000,-5.000,-5.000,-5.000,-5.000,-5.000,-5.000,-5.000,-5.000,-5.000,-5.000,-5.000,-5.000,-5.000,-5.000,-5.000,-5.000,-5.000
2Crotation collection.txt,2CcRight 1,ToptEnd (dB),-33.000,-38.000,-35.000,-35.000,-33.000,-31.000,-35.000,-33.000,-40.000,-39.000,-46.000,-35.000,-50.000,-46.000,-35.000,-43.000,-29.000,-29.000,-26.000,-45.000,-44.000,-42.000,-24.000,-23.000,-21.000
2Crotation collection.txt,2CcRight 1,T60M (s),0.000,0.000,0.000,0.000,0.000,0.000,0.000,0.000,0.000,0.000,0.000,0.000,0.000,0.000,0.000,0.000,0.000,0.000,0.000,0.000,0.000,0.000,0.000,0.000,0.000
2Crotation collection.txt,2CcRight 1,C50 (dB),-2.41,-5.43,-2.69,-3.57,-5.33,-5.14,-6.36,-6.29,-4.19,-2.44,-3.35,-2.27,2.39,2.75,0.87,-0.25,0.10,0.54,-2.13,0.23,1.59,3.07,5.34,6.35,-0.15
2Crotation collection.txt,2CcRight 1,C80 (dB),-0.23,-3.09,2.52,-3.02,0.59,-3.38,-4.80,-3.11,-1.70,-0.80,-0.63,-0.56,3.79,4.39,2.42,4.01,3.85,3.52,1.94,5.06,5.80,7.08,9.02,10.88,2.22
2Crotation collection.txt,2CcRight 1,D50 (%),36.5,22.3,35.0,30.5,22.7,23.4,18.8,19.0,27.6,36.3,31.6,37.2,63.4,65.3,55.0,48.6,50.6,53.1,38.0,51.3,59.1,67.0,77.4,81.2,49.1
2Crotation collection.txt,2CcRight 1,TS (s),0.147,0.176,0.114,0.165,0.141,0.215,0.201,0.169,0.160,0.132,0.129,0.109,0.073,0.060,0.073,0.067,0.068,0.065,0.076,0.061,0.054,0.044,0.034,0.030,0.094
2Crotation collection.txt,2CcRight 2,EDT (s),2.170,2.258,1.639,2.461,1.909,3.079,2.490,2.318,2.594,2.023,1.684,1.441,1.205,0.975,1.062,0.902,0.858,0.846,0.835,0.705,0.684,0.633,0.546,0.415,1.366
2Crotation collection.txt,2CcRight 2,T20 (s),2.359,2.269,1.856,2.469,2.684,2.580,2.323,2.768,2.282,2.100,1.695,1.621,1.174,1.046,0.902,0.866,0.791,0.791,0.750,0.775,0.736,0.706,0.590,0.496,2.274
2Crotation collection.txt,2CcRight 2,T30 (s),2.387,2.246,2.028,2.467,2.765,0.000,2.415,0.000,2.112,2.039,1.767,1.610,1.202,1.074,0.900,0.857,0.817,0.817,0.809,0.795,0.805,0.762,0.642,0.527,2.514
2Crotation collection.txt,2CcRight 2,Topt (s),2.349,2.325,2.028,2.467,2.765,2.511,2.415,2.723,2.102,2.024,1.806,1.699,1.302,1.082,0.900,0.884,0.820,0.805,0.755,0.819,0.721,0.772,0.577,0.493,2.127
2Crotation collection.txt,2CcRight 2,ToptStart (dB),-5.000,-5.000,-5.000,-5.000,-5.000,-5.000,-5.000,-5.000,-5.000,-5.000,-5.000,-5.000,-5.000,-5.000,-5.000,-5.000,-5.000,-5.000,-5.000,-5.000,-5.000,-5.000,-5.000,-5.000,-5.000
2Crotation collection.txt,2CcRight 2,ToptEnd (dB),-31.000,-20.000,-35.000,-35.000,-35.000,-31.000,-35.000,-30.000,-40.000,-42.000,-45.000,-49.000,-56.000,-39.000,-35.000,-51.000,-36.000,-33.000,-27.000,-45.000,-23.000,-42.000,-23.000,-24.000,-21.000
2Crotation collection.txt,2CcRight 2,T60M (s),0.000,0.000,0.000,0.000,0.000,0.000,0.000,0.000,0.000,0.000,0.000,0.000,0.000,0.000,0.000,0.000,0.000,0.000,0.000,0.000,0.000,0.000,0.000,0.000,0.000
2Crotation collection.txt,2CcRight 2,C50 (dB),-2.37,-5.41,-2.67,-3.58,-5.27,-5.12,-6.36,-6.30,-4.19,-2.46,-3.34,-2.28,2.42,2.75,0.90,-0.22,0.13,0.64,-2.15,0.18,1.53,3.07,5.27,6.19,-0.13
2Crotation collection.txt,2CcRight 2,C80 (dB),-0.18,-3.07,2.57,-3.04,0.56,-3.35,-4.80,-3.14,-1.69,-0.80,-0.64,-0.56,3.81,4.39,2.45,4.05,3.92,3.65,2.03,4.98,5.71,7.03,8.89,10.93,2.25
2Crotation collection.txt,2CcRight 2,D50 (%),36.7,22.3,35.1,30.5,22.9,23.5,18.8,19.0,27.6,36.2,31.7,37.1,63.6,65.3,55.2,48.7,50.7,53.7,37.9,51.1,58.7,67.0,77.1,80.6,49.2
2Crotation collection.txt,2CcRight 2,TS (s),0.145,0.175,0.114,0.166,0.141,0.215,0.201,0.169,0.160,0.132,0.129,0.109,0.073,0.060,0.073,0.067,0.068,0.065,0.075,0.061,0.054,0.044,0.034,0.030,0.094
2Crotation collection.txt,2CcRight 3,EDT (s),2.179,2.278,1.642,2.457,1.913,3.074,2.490,2.321,2.596,2.046,1.684,1.441,1.208,0.975,1.061,0.894,0.857,0.848,0.834,0.705,0.683,0.635,0.543,0.413,1.364
2Crotation collection.txt,2CcRight 3,T20 (s),2.302,2.231,1.823,2.476,2.660,2.581,2.323,2.754,2.280,2.101,1.696,1.613,1.182,1.049,0.907,0.866,0.787,0.787,0.748,0.774,0.735,0.705,0.591,0.493,2.266
2Crotation collection.txt,2CcRight 3,T30 (s),2.324,2.254,1.990,2.561,2.706,0.000,2.421,0.000,2.097,2.039,1.767,1.609,1.209,1.079,0.913,0.861,0.822,0.820,0.809,0.799,0.802,0.765,0.629,0.504,2.497
2Crotation collection.txt,2CcRight 3,Topt (s),2.303,2.301,1.990,2.561,2.704,2.533,2.421,2.707,2.071,2.022,1.806,1.692,1.175,1.106,0.913,0.860,0.835,0.792,0.751,0.829,0.727,0.711,0.577,0.506,2.120
2Crotation collection.txt,2CcRight 3,ToptStart (dB),-5.000,-5.000,-5.000,-5.000,-5.000,-5.000,-5.000,-5.000,-5.000,-5.000,-5.000,-5.000,-5.000,-5.000,-5.000,-5.000,-5.000,-5.000,-5.000,-5.000,-5.000,-5.000,-5.000,-5.000,-5.000
2Crotation collection.txt,2CcRight 3,ToptEnd (dB),-39.000,-20.000,-35.000,-35.000,-36.000,-30.000,-35.000,-30.000,-40.000,-43.000,-45.000,-48.000,-33.000,-47.000,-35.000,-40.000,-39.000,-29.000,-26.000,-45.000,-24.000,-26.000,-23.000,-37.000,-21.000
2Crotation collection.txt,2CcRight 3,T60M (s),0.000,0.000,0.000,0.000,0.000,0.000,0.000,0.000,0.000,0.000,0.000,0.000,0.000,0.000,0.000,0.000,0.000,0.000,0.000,0.000,0.000,0.000,0.000,0.000,0.000
2Crotation collection.txt,2CcRight 3,C50 (dB),-2.38,-5.44,-2.66,-3.60,-5.25,-5.07,-6.36,-6.29,-4.17,-2.46,-3.31,-2.28,2.41,2.75,0.93,-0.23,0.13,0.62,-2.08,0.17,1.46,3.00,5.20,6.29,-0.12
2Crotation collection.txt,2CcRight 3,C80 (dB),-0.22,-3.11,2.58,-3.04,0.57,-3.32,-4.80,-3.15,-1.69,-0.81,-0.62,-0.54,3.82,4.38,2.50,4.09,3.97,3.64,2.15,4.99,5.68,7.02,8.95,10.98,2.28
2Crotation collection.txt,2CcRight 3,D50 (%),36.6,22.2,35.1,30.4,23.0,23.7,18.8,19.0,27.7,36.2,31.8,37.1,63.5,65.3,55.3,48.7,50.7,53.6,38.2,51.0,58.3,66.6,76.8,81.0,49.3
2Crotation collection.txt,2CcRight 3,TS (s),0.146,0.176,0.114,0.167,0.141,0.214,0.201,0.169,0.160,0.132,0.129,0.109,0.073,0.060,0.072,0.066,0.068,0.065,0.075,0.061,0.055,0.045,0.034,0.030,0.094
2Crotation collection.txt,2CcRight 4,EDT (s),2.185,2.283,1.638,2.450,1.908,3.072,2.495,2.326,2.593,2.059,1.681,1.433,1.203,0.976,1.059,0.893,0.857,0.847,0.841,0.711,0.689,0.633,0.544,0.415,1.364
2Crotation collection.txt,2CcRight 4,T20 (s),2.297,2.256,1.813,2.417,2.654,2.569,2.273,2.774,2.285,2.095,1.697,1.612,1.188,1.049,0.902,0.868,0.788,0.784,0.753,0.771,0.732,0.708,0.596,0.496,2.268
2Crotation collection.txt,2CcRight 4,T30 (s),2.233,2.212,1.987,2.475,2.724,0.000,2.350,0.000,2.109,2.035,1.772,1.613,1.200,1.077,0.899,0.861,0.819,0.810,0.812,0.802,0.794,0.757,0.644,0.517,2.495
2Crotation collection.txt,2CcRight 4,Topt (s),2.380,2.332,1.929,2.479,2.721,2.500,2.362,2.733,2.090,2.017,1.819,1.726,1.291,1.103,0.899,0.875,0.831,0.792,0.757,0.779,0.726,0.729,0.579,0.497,2.127
2Crotation collection.txt,2CcRight 4,ToptStart (dB),-5.000,-5.000,-5.000,-5.000,-5.000,-5.000,-5.000,-5.000,-5.000,-5.000,-5.000,-5.000,-5.000,-5.000,-5.000,-5.000,-5.000,-5.000,-5.000,-5.000,-5.000,-5.000,-5.000,-5.000,-5.000
2Crotation collection.txt,2CcRight 4,ToptEnd (dB),-20.000,-20.000,-37.000,-36.000,-36.000,-31.000,-34.000,-30.000,-40.000,-42.000,-46.000,-51.000,-57.000,-46.000,-35.000,-51.000,-39.000,-31.000,-27.000,-31.000,-24.000,-30.000,-22.000,-28.000,-21.000
2Crotation collection.txt,2CcRight 4,T60M (s),0.000,0.000,0.000,0.000,0.000,0.000,0.000,0.000,0.000,0.000,0.000,0.000,0.000,0.000,0.000,0.000,0.000,0.000,0.000,0.000,0.000,0.000,0.000,0.000,0.000
2Crotation collection.txt,2CcRight 4,C50 (dB),-2.29,-5.44,-2.64,-3.61,-5.26,-5.06,-6.39,-6.29,-4.18,-2.47,-3.32,-2.30,2.40,2.72,0.88,-0.25,0.12,0.63,-2.06,0.11,1.53,3.07,5.09,6.15,-0.13
2Crotation collection.txt,2CcRight 4,C80 (dB),-0.11,-3.11,2.59,-3.06,0.57,-3.30,-4.83,-3.13,-1.69,-0.82,-0.63,-0.55,3.83,4.34,2.47,4.10,3.97,3.57,2.06,4.98,5.59,7.03,8.91,10.96,2.27
2Crotation collection.txt,2CcRight 4,D50 (%),37.1,22.2,35.2,30.3,22.9,23.8,18.7,19.0,27.6,36.2,31.7,37.1,63.5,65.2,55.0,48.6,50.7,53.6,38.4,50.6,58.7,67.0,76.4,80.5,49.3
2Crotation collection.txt,2CcRight 4,TS (s),0.146,0.176,0.113,0.165,0.141,0.214,0.201,0.170,0.160,0.133,0.129,0.109,0.072,0.060,0.072,0.067,0.068,0.065,0.075,0.061,0.055,0.045,0.035,0.030,0.094
2Crotation collection.txt,2CcRight 5,EDT (s),2.164,2.293,1.633,2.447,1.904,3.067,2.498,2.329,2.588,2.048,1.678,1.428,1.200,0.977,1.057,0.897,0.858,0.850,0.837,0.711,0.684,0.629,0.537,0.414,1.363
2Crotation collection.txt,2CcRight 5,T20 (s),2.356,2.281,1.840,2.442,2.637,2.571,2.308,2.795,2.283,2.102,1.708,1.617,1.188,1.046,0.899,0.865,0.785,0.780,0.752,0.775,0.743,0.711,0.598,0.500,2.272
2Crotation collection.txt,2CcRight 5,T30 (s),2.480,2.315,2.021,2.504,2.708,0.000,2.400,0.000,2.097,2.039,1.777,1.608,1.207,1.084,0.903,0.860,0.816,0.807,0.812,0.797,0.811,0.761,0.648,0.515,2.495
2Crotation collection.txt,2CcRight 5,Topt (s),2.358,2.287,2.021,2.506,2.706,2.501,2.400,2.739,2.072,2.026,1.820,1.719,1.173,1.096,0.903,0.859,0.825,0.787,0.753,0.784,0.727,0.773,0.586,0.502,2.129
2Crotation collection.txt,2CcRight 5,ToptStart (dB),-5.000,-5.000,-5.000,-5.000,-5.000,-5.000,-5.000,-5.000,-5.000,-5.000,-5.000,-5.000,-5.000,-5.000,-5.000,-5.000,-5.000,-5.000,-5.000,-5.000,-5.000,-5.000,-5.000,-5.000,-5.000
2Crotation collection.txt,2CcRight 5,ToptEnd (dB),-26.000,-29.000,-35.000,-36.000,-36.000,-31.000,-35.000,-33.000,-40.000,-42.000,-45.000,-51.000,-33.000,-39.000,-35.000,-42.000,-38.000,-30.000,-26.000,-32.000,-23.000,-42.000,-23.000,-31.000,-21.000
2Crotation collection.txt,2CcRight 5,T60M (s),0.000,0.000,0.000,0.000,0.000,0.000,0.000,0.000,0.000,0.000,0.000,0.000,0.000,0.000,0.000,0.000,0.000,0.000,0.000,0.000,0.000,0.000,0.000,0.000,0.000
2Crotation collection.txt,2CcRight 5,C50 (dB),-2.34,-5.44,-2.67,-3.57,-5.24,-5.04,-6.40,-6.29,-4.19,-2.46,-3.32,-2.31,2.41,2.73,0.88,-0.22,0.13,0.64,-2.10,0.15,1.68,3.08,5.21,6.18,-0.10
2Crotation collection.txt,2CcRight 5,C80 (dB),-0.16,-3.11,2.58,-3.02,0.57,-3.28,-4.84,-3.14,-1.69,-0.82,-0.63,-0.55,3.83,4.35,2.46,4.08,3.95,3.59,2.06,4.99,5.66,7.08,9.01,10.90,2.28
2Crotation collection.txt,2CcRight 5,D50 (%),36.8,22.2,35.1,30.5,23.0,23.9,18.6,19.0,27.6,36.2,31.8,37.0,63.5,65.2,55.0,48.7,50.8,53.7,38.1,50.9,59.5,67.0,76.8,80.6,49.4
2Crotation collection.txt,2CcRight 5,TS (s),0.145,0.177,0.113,0.165,0.140,0.213,0.201,0.170,0.160,0.133,0.129,0.109,0.072,0.060,0.072,0.067,0.068,0.065,0.075,0.061,0.054,0.045,0.034,0.030,0.094
2Crotation collection.txt,2CcLeft 1,EDT (s),2.157,2.174,1.761,2.446,2.193,1.680,1.932,2.637,2.471,2.132,1.422,1.676,1.205,1.188,0.901,0.766,0.723,0.804,0.821,0.710,0.753,0.645,0.622,0.401,1.391
2Crotation collection.txt,2CcLeft 1,T20 (s),2.328,2.269,1.701,2.689,2.767,2.598,2.320,2.546,2.170,1.919,1.870,1.609,1.283,1.147,0.891,0.864,0.799,0.902,0.791,0.711,0.716,0.698,0.588,0.482,2.156
2Crotation collection.txt,2CcLeft 1,T30 (s),0.000,2.321,1.872,0.000,0.000,0.000,2.349,2.448,2.182,1.955,1.719,1.572,1.298,1.134,0.935,0.845,0.829,0.887,0.784,0.777,0.784,0.724,0.627,0.526,2.391
2Crotation collection.txt,2CcLeft 1,Topt (s),2.329,2.282,1.867,2.599,2.667,2.634,2.337,2.461,2.184,1.978,1.786,1.571,1.302,1.167,0.988,0.867,0.809,0.922,0.758,0.743,0.720,0.720,0.594,0.462,2.409
2Crotation collection.txt,2CcLeft 1,ToptStart (dB),-5.000,-5.000,-5.000,-5.000,-5.000,-5.000,-5.000,-5.000,-5.000,-5.000,-5.000,-5.000,-5.000,-5.000,-5.000,-5.000,-5.000,-5.000,-5.000,-5.000,-5.000,-5.000,-5.000,-5.000,-5.000
2Crotation collection.txt,2CcLeft 1,ToptEnd (dB),-27.000,-30.000,-36.000,-33.000,-33.000,-33.000,-37.000,-34.000,-37.000,-43.000,-49.000,-52.000,-58.000,-54.000,-53.000,-52.000,-29.000,-47.000,-20.000,-31.000,-26.000,-34.000,-27.000,-21.000,-39.000
2Crotation collection.txt,2CcLeft 1,T60M (s),0.000,0.000,0.000,0.000,0.000,0.000,0.000,0.000,0.000,0.000,0.000,0.000,0.000,0.000,0.000,0.000,0.000,0.000,0.000,0.000,0.000,0.000,0.000,0.000,0.000
2Crotation collection.txt,2CcLeft 1,C50 (dB),-2.88,-4.33,-1.07,-4.99,-8.00,-3.28,-3.15,-4.92,-4.78,-2.78,-3.35,-3.72,0.33,0.44,1.76,1.05,1.12,-1.05,-0.12,1.65,3.08,4.73,4.26,6.72,0.56
2Crotation collection.txt,2CcLeft 1,C80 (dB),-0.42,-1.33,1.67,-4.21,-0.78,-0.53,-0.86,-3.79,-3.08,0.77,0.58,-1.02,2.17,3.37,4.49,4.45,4.69,3.70,3.65,4.72,5.96,7.82,7.42,11.43,2.95
2Crotation collection.txt,2CcLeft 1,D50 (%),34.0,27.0,43.9,24.1,13.7,32.0,32.6,24.4,25.0,34.5,31.6,29.8,51.9,52.5,60.0,56.0,56.4,44.0,49.3,59.4,67.0,74.8,72.7,82.4,53.2
2Crotation collection.txt,2CcLeft 1,TS (s),0.148,0.162,0.114,0.191,0.175,0.138,0.132,0.209,0.201,0.128,0.116,0.119,0.079,0.078,0.063,0.059,0.059,0.069,0.067,0.054,0.045,0.037,0.038,0.028,0.087
2Crotation collection.txt,2CcLeft 2,EDT (s),2.218,2.196,1.762,2.449,2.182,1.685,1.930,2.635,2.460,2.129,1.427,1.677,1.207,1.185,0.905,0.767,0.718,0.811,0.818,0.706,0.750,0.639,0.624,0.406,1.380
2Crotation collection.txt,2CcLeft 2,T20 (s),2.410,2.329,1.690,2.697,2.697,2.588,2.328,2.541,2.168,1.926,1.879,1.603,1.276,1.155,0.888,0.857,0.802,0.898,0.797,0.711,0.717,0.693,0.593,0.479,2.153
2Crotation collection.txt,2CcLeft 2,T30 (s),0.000,2.340,1.854,0.000,0.000,0.000,2.379,2.449,2.180,1.950,1.718,1.562,1.292,1.151,0.932,0.847,0.848,0.886,0.795,0.769,0.787,0.724,0.619,0.512,2.401
2Crotation collection.txt,2CcLeft 2,Topt (s),2.394,2.315,1.850,2.609,2.683,2.621,2.385,2.455,2.177,1.967,1.783,1.574,1.257,1.176,0.949,0.852,0.813,0.907,0.764,0.737,0.721,0.702,0.596,0.458,2.117
2Crotation collection.txt,2CcLeft 2,ToptStart (dB),-5.000,-5.000,-5.000,-5.000,-5.000,-5.000,-5.000,-5.000,-5.000,-5.000,-5.000,-5.000,-5.000,-5.000,-5.000,-5.000,-5.000,-5.000,-5.000,-5.000,-5.000,-5.000,-5.000,-5.000,-5.000
2Crotation collection.txt,2CcLeft 2,ToptEnd (dB),-29.000,-30.000,-36.000,-33.000,-27.000,-33.000,-37.000,-34.000,-38.000,-43.000,-49.000,-52.000,-58.000,-53.000,-40.000,-38.000,-28.000,-47.000,-20.000,-31.000,-26.000,-29.000,-27.000,-21.000,-24.000
2Crotation collection.txt,2CcLeft 2,T60M (s),0.000,0.000,0.000,0.000,0.000,0.000,0.000,0.000,0.000,0.000,0.000,0.000,0.000,0.000,0.000,0.000,0.000,0.000,0.000,0.000,0.000,0.000,0.000,0.000,0.000
2Crotation collection.txt,2CcLeft 2,C50 (dB),-2.75,-4.38,-1.07,-5.02,-8.04,-3.29,-3.16,-4.91,-4.76,-2.74,-3.31,-3.72,0.31,0.45,1.75,1.07,1.22,-0.98,0.03,1.58,3.00,4.69,4.31,6.67,0.59
2Crotation collection.txt,2CcLeft 2,C80 (dB),-0.32,-1.37,1.67,-4.25,-0.80,-0.54,-0.87,-3.78,-3.07,0.79,0.60,-0.97,2.19,3.36,4.47,4.46,4.78,3.67,3.81,4.71,5.99,7.86,7.46,11.30,2.99
2Crotation collection.txt,2CcLeft 2,D50 (%),34.7,26.7,43.8,23.9,13.6,31.9,32.5,24.4,25.1,34.7,31.8,29.8,51.8,52.6,59.9,56.1,57.0,44.4,50.2,59.0,66.6,74.6,73.0,82.3,53.4
2Crotation collection.txt,2CcLeft 2,TS (s),0.151,0.163,0.114,0.191,0.174,0.139,0.132,0.209,0.201,0.128,0.116,0.119,0.079,0.078,0.063,0.059,0.059,0.069,0.067,0.054,0.046,0.038,0.038,0.028,0.087
2Crotation collection.txt,2CcLeft 3,EDT (s),2.182,2.180,1.752,2.450,2.191,1.685,1.931,2.639,2.457,2.134,1.424,1.688,1.209,1.188,0.916,0.765,0.719,0.816,0.821,0.706,0.749,0.632,0.614,0.408,1.377
2Crotation collection.txt,2CcLeft 3,T20 (s),2.407,2.284,1.627,2.707,2.761,2.596,2.323,2.542,2.171,1.914,1.877,1.603,1.279,1.146,0.892,0.860,0.796,0.894,0.789,0.716,0.713,0.693,0.593,0.478,2.151
2Crotation collection.txt,2CcLeft 3,T30 (s),0.000,2.301,1.692,0.000,0.000,0.000,2.384,2.457,2.182,1.950,1.714,1.560,1.291,1.146,0.936,0.849,0.851,0.885,0.784,0.768,0.787,0.731,0.623,0.519,2.397
2Crotation collection.txt,2CcLeft 3,Topt (s),2.445,2.321,1.692,2.613,2.666,2.631,2.393,2.464,2.185,1.974,1.779,1.564,1.285,1.171,0.983,0.868,0.804,0.912,0.755,0.754,0.716,0.702,0.597,0.453,2.115
2Crotation collection.txt,2CcLeft 3,ToptStart (dB),-5.000,-5.000,-5.000,-5.000,-5.000,-5.000,-5.000,-5.000,-5.000,-5.000,-5.000,-5.000,-5.000,-5.000,-5.000,-5.000,-5.000,-5.000,-5.000,-5.000,-5.000,-5.000,-5.000,-5.000,-5.000
2Crotation collection.txt,2CcLeft 3,ToptEnd (dB),-22.000,-22.000,-35.000,-33.000,-33.000,-33.000,-37.000,-34.000,-37.000,-43.000,-49.000,-52.000,-48.000,-54.000,-52.000,-47.000,-27.000,-47.000,-20.000,-33.000,-26.000,-29.000,-27.000,-21.000,-24.000
2Crotation collection.txt,2CcLeft 3,T60M (s),0.000,0.000,0.000,0.000,0.000,0.000,0.000,0.000,0.000,0.000,0.000,0.000,0.000,0.000,0.000,0.000,0.000,0.000,0.000,0.000,0.000,0.000,0.000,0.000,0.000
2Crotation collection.txt,2CcLeft 3,C50 (dB),-3.05,-4.25,-1.10,-4.96,-7.93,-3.27,-3.13,-4.88,-4.73,-2.70,-3.31,-3.74,0.28,0.40,1.74,1.14,1.23,-0.93,0.14,1.58,3.11,4.71,4.29,6.62,0.63
2Crotation collection.txt,2CcLeft 3,C80 (dB),-0.51,-1.27,1.66,-4.19,-0.77,-0.55,-0.87,-3.79,-3.05,0.80,0.59,-0.93,2.17,3.30,4.48,4.55,4.76,3.68,3.78,4.77,6.10,7.97,7.54,11.47,3.02
2Crotation collection.txt,2CcLeft 3,D50 (%),33.1,27.3,43.7,24.2,13.9,32.0,32.7,24.5,25.2,34.9,31.8,29.7,51.6,52.3,59.9,56.5,57.0,44.7,50.8,59.0,67.2,74.7,72.9,82.1,53.6
2Crotation collection.txt,2CcLeft 3,TS (s),0.149,0.162,0.113,0.191,0.175,0.139,0.132,0.209,0.201,0.129,0.116,0.119,0.080,0.078,0.063,0.059,0.058,0.069,0.066,0.054,0.045,0.038,0.038,0.028,0.086
2Crotation collection.txt,2CcLeft 4,EDT (s),2.182,2.163,1.754,2.458,2.183,1.680,1.929,2.642,2.462,2.133,1.421,1.687,1.208,1.189,0.918,0.762,0.717,0.817,0.821,0.709,0.745,0.627,0.612,0.403,1.375
2Crotation collection.txt,2CcLeft 4,T20 (s),2.401,2.268,1.666,2.700,2.791,2.612,2.319,2.541,2.166,1.918,1.876,1.608,1.280,1.148,0.894,0.863,0.798,0.900,0.790,0.708,0.717,0.691,0.594,0.490,2.150
2Crotation collection.txt,2CcLeft 4,T30 (s),2.461,2.233,1.773,0.000,0.000,0.000,2.376,2.452,2.197,1.948,1.720,1.570,1.296,1.149,0.931,0.852,0.851,0.878,0.790,0.763,0.781,0.722,0.625,0.521,2.403
2Crotation collection.txt,2CcLeft 4,Topt (s),2.401,2.241,1.768,2.703,2.740,2.652,2.382,2.459,2.201,1.969,1.778,1.599,1.306,1.171,0.946,0.874,0.805,0.892,0.757,0.732,0.721,0.696,0.591,0.459,2.114
2Crotation collection.txt,2CcLeft 4,ToptStart (dB),-5.000,-5.000,-5.000,-5.000,-5.000,-5.000,-5.000,-5.000,-5.000,-5.000,-5.000,-5.000,-5.000,-5.000,-5.000,-5.000,-5.000,-5.000,-5.000,-5.000,-5.000,-5.000,-5.000,-5.000,-5.000
2Crotation collection.txt,2CcLeft 4,ToptEnd (dB),-25.000,-39.000,-36.000,-27.000,-33.000,-33.000,-37.000,-34.000,-37.000,-43.000,-49.000,-51.000,-58.000,-53.000,-40.000,-48.000,-27.000,-47.000,-20.000,-31.000,-26.000,-29.000,-24.000,-20.000,-24.000
2Crotation collection.txt,2CcLeft 4,T60M (s),0.000,0.000,0.000,0.000,0.000,0.000,0.000,0.000,0.000,0.000,0.000,0.000,0.000,0.000,0.000,0.000,0.000,0.000,0.000,0.000,0.000,0.000,0.000,0.000,0.000
2Crotation collection.txt,2CcLeft 4,C50 (dB),-3.19,-4.23,-1.09,-4.95,-7.94,-3.27,-3.15,-4.88,-4.74,-2.72,-3.35,-3.72,0.28,0.41,1.69,1.17,1.26,-1.02,0.07,1.51,3.06,4.76,4.38,6.71,0.65
2Crotation collection.txt,2CcLeft 4,C80 (dB),-0.62,-1.26,1.67,-4.19,-0.76,-0.54,-0.89,-3.79,-3.06,0.78,0.55,-0.97,2.16,3.30,4.43,4.54,4.80,3.62,3.73,4.67,6.10,8.05,7.63,11.52,3.03
2Crotation collection.txt,2CcLeft 4,D50 (%),32.4,27.4,43.7,24.2,13.8,32.0,32.6,24.5,25.1,34.8,31.6,29.8,51.6,52.3,59.6,56.7,57.2,44.1,50.4,58.6,66.9,75.0,73.3,82.4,53.7
2Crotation collection.txt,2CcLeft 4,TS (s),0.150,0.162,0.113,0.192,0.174,0.138,0.132,0.209,0.201,0.129,0.116,0.119,0.080,0.078,0.063,0.058,0.058,0.070,0.067,0.054,0.045,0.037,0.038,0.028,0.086
2Crotation collection.txt,2CcLeft 5,EDT (s),2.171,2.167,1.747,2.444,2.179,1.676,1.929,2.646,2.475,2.132,1.417,1.678,1.210,1.191,0.912,0.758,0.716,0.813,0.826,0.711,0.741,0.629,0.612,0.398,1.373
2Crotation collection.txt,2CcLeft 5,T20 (s),2.418,2.293,1.627,2.698,2.738,2.602,2.301,2.554,2.167,1.927,1.875,1.603,1.272,1.145,0.893,0.862,0.801,0.896,0.783,0.716,0.719,0.693,0.597,0.489,2.154
2Crotation collection.txt,2CcLeft 5,T30 (s),2.364,2.261,1.706,0.000,0.000,0.000,2.327,2.457,2.195,1.961,1.724,1.563,1.289,1.144,0.932,0.850,0.836,0.880,0.778,0.781,0.790,0.722,0.634,0.513,2.432
2Crotation collection.txt,2CcLeft 5,Topt (s),2.404,2.293,1.706,2.657,2.628,2.637,2.299,2.471,2.199,1.979,1.804,1.583,1.281,1.162,0.945,0.877,0.842,0.899,0.748,0.742,0.723,0.700,0.593,0.463,2.117
2Crotation collection.txt,2CcLeft 5,ToptStart (dB),-5.000,-5.000,-5.000,-5.000,-5.000,-5.000,-5.000,-5.000,-5.000,-5.000,-5.000,-5.000,-5.000,-5.000,-5.000,-5.000,-5.000,-5.000,-5.000,-5.000,-5.000,-5.000,-5.000,-5.000,-5.000
2Crotation collection.txt,2CcLeft 5,ToptEnd (dB),-30.000,-25.000,-35.000,-33.000,-34.000,-33.000,-37.000,-34.000,-37.000,-43.000,-49.000,-52.000,-56.000,-53.000,-40.000,-52.000,-39.000,-47.000,-20.000,-31.000,-26.000,-29.000,-24.000,-21.000,-24.000
2Crotation collection.txt,2CcLeft 5,T60M (s),0.000,0.000,0.000,0.000,0.000,0.000,0.000,0.000,0.000,0.000,0.000,0.000,0.000,0.000,0.000,0.000,0.000,0.000,0.000,0.000,0.000,0.000,0.000,0.000,0.000
2Crotation collection.txt,2CcLeft 5,C50 (dB),-2.68,-4.46,-1.01,-5.04,-8.02,-3.27,-3.13,-4.89,-4.77,-2.79,-3.36,-3.63,0.30,0.44,1.72,1.15,1.27,-1.05,-0.06,1.50,3.04,4.78,4.43,6.72,0.64
2Crotation collection.txt,2CcLeft 5,C80 (dB),-0.31,-1.44,1.72,-4.26,-0.78,-0.53,-0.87,-3.79,-3.08,0.75,0.56,-0.92,2.18,3.32,4.45,4.53,4.80,3.66,3.58,4.64,6.13,8.04,7.59,11.44,3.03
2Crotation collection.txt,2CcLeft 5,D50 (%),35.0,26.4,44.2,23.9,13.6,32.0,32.7,24.5,25.0,34.5,31.5,30.2,51.7,52.5,59.7,56.6,57.3,44.0,49.7,58.6,66.8,75.0,73.5,82.5,53.7
2Crotation collection.txt,2CcLeft 5,TS (s),0.151,0.162,0.112,0.191,0.174,0.138,0.132,0.209,0.202,0.129,0.116,0.119,0.080,0.078,0.063,0.058,0.058,0.070,0.067,0.054,0.045,0.037,0.038,0.028,0.086
2Crotation collection.txt,2CcBack 6,EDT (s),2.153,2.222,1.795,2.384,1.711,2.573,2.337,2.568,2.464,2.143,1.497,1.772,1.239,0.981,0.798,0.730,0.772,0.805,0.712,0.675,0.710,0.655,0.512,0.395,1.474
2Crotation collection.txt,2CcBack 6,T20 (s),2.378,2.344,1.808,2.645,2.544,2.588,2.253,2.678,2.409,1.794,1.654,1.497,1.300,1.124,0.909,0.836,0.771,0.797,0.779,0.735,0.749,0.699,0.601,0.472,2.245
2Crotation collection.txt,2CcBack 6,T30 (s),0.000,2.442,2.003,0.000,2.513,0.000,2.383,0.000,2.320,1.909,1.759,1.610,1.295,1.114,0.936,0.884,0.774,0.834,0.815,0.813,0.805,0.715,0.621,0.503,2.436
2Crotation collection.txt,2CcBack 6,Topt (s),2.380,2.339,1.859,2.574,2.513,2.571,2.383,2.696,2.333,1.937,1.784,1.665,1.272,1.103,0.936,0.884,0.778,0.853,0.800,0.742,0.754,0.701,0.601,0.474,2.444
2Crotation collection.txt,2CcBack 6,ToptStart (dB),-5.000,-5.000,-5.000,-5.000,-5.000,-5.000,-5.000,-5.000,-5.000,-5.000,-5.000,-5.000,-5.000,-5.000,-5.000,-5.000,-5.000,-5.000,-5.000,-5.000,-5.000,-5.000,-5.000,-5.000,-5.000
2Crotation collection.txt,2CcBack 6,ToptEnd (dB),-29.000,-24.000,-26.000,-34.000,-35.000,-32.000,-35.000,-32.000,-37.000,-42.000,-49.000,-51.000,-47.000,-47.000,-39.000,-35.000,-37.000,-41.000,-33.000,-27.000,-26.000,-29.000,-25.000,-27.000,-37.000
2Crotation collection.txt,2CcBack 6,T60M (s),0.000,0.000,0.000,0.000,0.000,0.000,0.000,0.000,0.000,0.000,0.000,0.000,0.000,0.000,0.000,0.000,0.000,0.000,0.000,0.000,0.000,0.000,0.000,0.000,0.000
2Crotation collection.txt,2CcBack 6,C50 (dB),-2.60,-3.78,-1.69,-3.82,-7.07,-4.75,-5.47,-7.61,-6.51,-4.92,-3.15,-1.65,-0.72,1.80,0.59,-0.04,1.31,0.70,0.88,2.67,0.79,3.87,6.22,7.29,-0.14
2Crotation collection.txt,2CcBack 6,C80 (dB),-0.57,-1.63,1.97,-3.22,-2.33,-2.78,-4.37,-6.21,-4.31,-1.32,-2.08,0.10,3.26,4.00,4.19,5.51,3.85,3.97,4.91,5.85,4.83,7.46,9.67,11.64,2.11
2Crotation collection.txt,2CcBack 6,D50 (%),35.5,29.5,40.4,29.3,16.4,25.1,22.1,14.8,18.3,24.4,32.6,40.6,45.9,60.2,53.4,49.8,57.5,54.0,55.1,64.9,54.5,70.9,80.7,84.3,49.2
2Crotation collection.txt,2CcBack 6,TS (s),0.145,0.169,0.116,0.183,0.163,0.173,0.168,0.208,0.193,0.151,0.121,0.119,0.080,0.064,0.058,0.059,0.062,0.065,0.061,0.052,0.058,0.041,0.030,0.027,0.095
2Crotation collection.txt,2CcBack 7,EDT (s),2.183,2.258,1.788,2.390,1.712,2.576,2.316,2.559,2.463,2.152,1.489,1.773,1.237,0.986,0.791,0.728,0.766,0.798,0.707,0.681,0.710,0.651,0.509,0.389,1.470
2Crotation collection.txt,2CcBack 7,T20 (s),2.281,2.211,1.761,2.562,2.554,2.561,2.246,2.676,2.409,1.800,1.647,1.498,1.298,1.127,0.903,0.831,0.772,0.810,0.773,0.736,0.753,0.699,0.614,0.471,2.250
2Crotation collection.txt,2CcBack 7,T30 (s),2.203,2.157,1.915,0.000,2.519,0.000,2.387,0.000,2.335,1.911,1.749,1.600,1.297,1.113,0.936,0.866,0.775,0.825,0.794,0.808,0.809,0.725,0.638,0.508,2.464
2Crotation collection.txt,2CcBack 7,Topt (s),2.215,2.154,1.915,2.572,2.535,2.468,2.387,2.695,2.344,1.942,1.787,1.660,1.271,1.111,0.937,0.872,0.779,0.828,0.782,0.736,0.758,0.699,0.611,0.476,2.481
2Crotation collection.txt,2CcBack 7,ToptStart (dB),-5.000,-5.000,-5.000,-5.000,-5.000,-5.000,-5.000,-5.000,-5.000,-5.000,-5.000,-5.000,-5.000,-5.000,-5.000,-5.000,-5.000,-5.000,-5.000,-5.000,-5.000,-5.000,-5.000,-5.000,-5.000
2Crotation collection.txt,2CcBack 7,ToptEnd (dB),-38.000,-40.000,-35.000,-34.000,-34.000,-33.000,-35.000,-32.000,-36.000,-41.000,-48.000,-51.000,-46.000,-54.000,-39.000,-39.000,-37.000,-38.000,-33.000,-25.000,-26.000,-27.000,-24.000,-27.000,-38.000
2Crotation collection.txt,2CcBack 7,T60M (s),0.000,0.000,0.000,0.000,0.000,0.000,0.000,0.000,0.000,0.000,0.000,0.000,0.000,0.000,0.000,0.000,0.000,0.000,0.000,0.000,0.000,0.000,0.000,0.000,0.000
2Crotation collection.txt,2CcBack 7,C50 (dB),0.93,-2.80,-1.38,-3.42,-6.88,-4.70,-5.81,-7.87,-6.47,-5.01,-3.37,-1.59,-0.80,1.79,0.66,0.04,1.34,0.72,0.97,2.61,1.04,3.81,6.25,7.51,-0.11
2Crotation collection.txt,2CcBack 7,C80 (dB),2.14,-0.93,2.23,-2.86,-2.30,-2.75,-4.63,-6.36,-4.30,-1.36,-2.24,0.17,3.24,3.98,4.25,5.51,3.93,4.06,4.96,5.83,4.89,7.52,9.63,11.85,2.15
2Crotation collection.txt,2CcBack 7,D50 (%),55.3,34.4,42.1,31.3,17.0,25.3,20.8,14.0,18.4,24.0,31.5,40.9,45.4,60.1,53.8,50.2,57.7,54.2,55.6,64.6,56.0,70.6,80.8,84.9,49.4
2Crotation collection.txt,2CcBack 7,TS (s),0.146,0.170,0.114,0.183,0.163,0.173,0.167,0.208,0.193,0.151,0.121,0.119,0.080,0.064,0.058,0.058,0.062,0.064,0.060,0.052,0.057,0.041,0.030,0.027,0.095
2Crotation collection.txt,2CcBack 8,EDT (s),2.164,2.241,1.792,2.384,1.715,2.580,2.333,2.552,2.464,2.148,1.495,1.773,1.242,0.990,0.791,0.722,0.768,0.799,0.709,0.675,0.718,0.651,0.510,0.390,1.471
2Crotation collection.txt,2CcBack 8,T20 (s),2.326,2.242,1.752,2.523,2.549,2.560,2.243,2.682,2.415,1.801,1.654,1.501,1.301,1.127,0.898,0.829,0.772,0.810,0.775,0.736,0.745,0.694,0.605,0.466,2.252
2Crotation collection.txt,2CcBack 8,T30 (s),2.313,2.311,1.921,2.485,2.487,0.000,2.376,0.000,2.331,1.909,1.753,1.603,1.295,1.119,0.938,0.866,0.768,0.826,0.805,0.809,0.788,0.717,0.655,0.500,2.471
2Crotation collection.txt,2CcBack 8,Topt (s),2.339,2.241,1.921,2.485,2.505,2.485,2.373,2.689,2.341,1.936,1.792,1.642,1.272,1.114,0.938,0.874,0.773,0.829,0.788,0.736,0.749,0.695,0.600,0.472,2.487
2Crotation collection.txt,2CcBack 8,ToptStart (dB),-5.000,-5.000,-5.000,-5.000,-5.000,-5.000,-5.000,-5.000,-5.000,-5.000,-5.000,-5.000,-5.000,-5.000,-5.000,-5.000,-5.000,-5.000,-5.000,-5.000,-5.000,-5.000,-5.000,-5.000,-5.000
2Crotation collection.txt,2CcBack 8,ToptEnd (dB),-24.000,-26.000,-35.000,-35.000,-34.000,-33.000,-36.000,-32.000,-36.000,-41.000,-49.000,-52.000,-46.000,-54.000,-40.000,-39.000,-37.000,-37.000,-33.000,-25.000,-26.000,-29.000,-24.000,-28.000,-38.000
2Crotation collection.txt,2CcBack 8,T60M (s),0.000,0.000,0.000,0.000,0.000,0.000,0.000,0.000,0.000,0.000,0.000,0.000,0.000,0.000,0.000,0.000,0.000,0.000,0.000,0.000,0.000,0.000,0.000,0.000,0.000
2Crotation collection.txt,2CcBack 8,C50 (dB),1.51,-2.62,-1.33,-3.39,-6.86,-4.71,-5.88,-7.91,-6.46,-4.98,-3.38,-1.61,-0.77,1.77,0.68,0.09,1.31,0.73,0.98,2.63,1.07,3.83,6.16,7.46,-0.10
2Crotation collection.txt,2CcBack 8,C80 (dB),2.59,-0.78,2.25,-2.84,-2.31,-2.77,-4.69,-6.39,-4.30,-1.33,-2.26,0.15,3.25,3.96,4.26,5.59,3.93,4.06,4.96,5.92,4.85,7.51,9.68,11.87,2.17
2Crotation collection.txt,2CcBack 8,D50 (%),58.6,35.4,42.4,31.4,17.1,25.3,20.5,13.9,18.4,24.1,31.5,40.9,45.6,60.1,53.9,50.5,57.5,54.2,55.6,64.7,56.1,70.7,80.5,84.8,49.4
2Crotation collection.txt,2CcBack 8,TS (s),0.146,0.169,0.114,0.182,0.163,0.173,0.168,0.209,0.193,0.151,0.121,0.119,0.080,0.064,0.058,0.058,0.062,0.064,0.060,0.052,0.057,0.041,0.030,0.027,0.094
2Crotation collection.txt,2CcBack 9,EDT (s),2.193,2.262,1.790,2.391,1.716,2.566,2.326,2.568,2.462,2.140,1.495,1.766,1.244,0.997,0.794,0.721,0.770,0.802,0.703,0.669,0.724,0.649,0.509,0.394,1.471
2Crotation collection.txt,2CcBack 9,T20 (s),2.325,2.226,1.768,2.535,2.559,2.568,2.237,2.689,2.409,1.800,1.660,1.505,1.307,1.124,0.895,0.833,0.771,0.816,0.776,0.746,0.749,0.691,0.605,0.463,2.250
2Crotation collection.txt,2CcBack 9,T30 (s),0.000,2.282,1.942,2.547,2.515,0.000,2.377,0.000,2.331,1.906,1.756,1.612,1.302,1.114,0.934,0.869,0.772,0.826,0.816,0.813,0.800,0.722,0.644,0.496,2.463
2Crotation collection.txt,2CcBack 9,Topt (s),2.375,2.292,1.942,2.547,2.532,2.568,2.374,2.711,2.340,1.938,1.787,1.657,1.284,1.104,0.939,0.880,0.774,0.832,0.796,0.749,0.753,0.697,0.605,0.455,2.473
2Crotation collection.txt,2CcBack 9,ToptStart (dB),-5.000,-5.000,-5.000,-5.000,-5.000,-5.000,-5.000,-5.000,-5.000,-5.000,-5.000,-5.000,-5.000,-5.000,-5.000,-5.000,-5.000,-5.000,-5.000,-5.000,-5.000,-5.000,-5.000,-5.000,-5.000
2Crotation collection.txt,2CcBack 9,ToptEnd (dB),-22.000,-20.000,-35.000,-35.000,-34.000,-33.000,-36.000,-32.000,-36.000,-41.000,-49.000,-52.000,-46.000,-47.000,-41.000,-38.000,-37.000,-38.000,-32.000,-26.000,-26.000,-29.000,-25.000,-23.000,-37.000
2Crotation collection.txt,2CcBack 9,T60M (s),0.000,0.000,0.000,0.000,0.000,0.000,0.000,0.000,0.000,0.000,0.000,0.000,0.000,0.000,0.000,0.000,0.000,0.000,0.000,0.000,0.000,0.000,0.000,0.000,0.000
2Crotation collection.txt,2CcBack 9,C50 (dB),0.52,-2.97,-1.43,-3.54,-6.93,-4.72,-5.81,-7.85,-6.45,-4.98,-3.31,-1.60,-0.79,1.77,0.65,0.09,1.30,0.69,0.97,2.64,0.96,3.81,6.20,7.41,-0.09
2Crotation collection.txt,2CcBack 9,C80 (dB),1.77,-1.03,2.19,-2.98,-2.33,-2.76,-4.64,-6.36,-4.30,-1.34,-2.22,0.16,3.23,3.96,4.21,5.63,3.95,4.03,5.05,5.99,4.75,7.52,9.73,11.77,2.18
2Crotation collection.txt,2CcBack 9,D50 (%),53.0,33.5,41.8,30.7,16.9,25.2,20.8,14.1,18.5,24.1,31.8,40.9,45.4,60.0,53.7,50.5,57.4,54.0,55.5,64.7,55.5,70.6,80.6,84.6,49.5
2Crotation collection.txt,2CcBack 9,TS (s),0.147,0.170,0.114,0.183,0.163,0.172,0.168,0.209,0.193,0.151,0.121,0.119,0.081,0.064,0.058,0.058,0.062,0.065,0.060,0.052,0.058,0.040,0.030,0.027,0.094
2Crotation collection.txt,2CcBack 10,EDT (s),2.172,2.255,1.791,2.394,1.720,2.571,2.327,2.562,2.461,2.144,1.495,1.771,1.242,0.997,0.792,0.721,0.770,0.801,0.702,0.671,0.725,0.643,0.506,0.393,1.467
2Crotation collection.txt,2CcBack 10,T20 (s),2.373,2.301,1.747,2.535,2.571,2.542,2.238,2.678,2.415,1.798,1.656,1.504,1.309,1.122,0.894,0.832,0.766,0.811,0.782,0.735,0.743,0.695,0.606,0.467,2.252
2Crotation collection.txt,2CcBack 10,T30 (s),2.266,2.295,1.924,0.000,2.576,0.000,2.348,0.000,2.331,1.920,1.752,1.608,1.301,1.111,0.934,0.865,0.773,0.823,0.799,0.791,0.788,0.735,0.648,0.497,2.472
2Crotation collection.txt,2CcBack 10,Topt (s),2.469,2.360,1.920,2.525,2.574,2.485,2.344,2.700,2.345,1.849,1.777,1.659,1.269,1.094,0.942,0.867,0.775,0.846,0.788,0.741,0.799,0.698,0.602,0.476,2.483
2Crotation collection.txt,2CcBack 10,ToptStart (dB),-5.000,-5.000,-5.000,-5.000,-5.000,-5.000,-5.000,-5.000,-5.000,-5.000,-5.000,-5.000,-5.000,-5.000,-5.000,-5.000,-5.000,-5.000,-5.000,-5.000,-5.000,-5.000,-5.000,-5.000,-5.000
2Crotation collection.txt,2CcBack 10,ToptEnd (dB),-20.000,-20.000,-36.000,-34.000,-36.000,-33.000,-36.000,-32.000,-36.000,-31.000,-49.000,-51.000,-47.000,-55.000,-40.000,-39.000,-36.000,-48.000,-33.000,-27.000,-43.000,-27.000,-24.000,-29.000,-37.000
2Crotation collection.txt,2CcBack 10,T60M (s),0.000,0.000,0.000,0.000,0.000,0.000,0.000,0.000,0.000,0.000,0.000,0.000,0.000,0.000,0.000,0.000,0.000,0.000,0.000,0.000,0.000,0.000,0.000,0.000,0.000
2Crotation collection.txt,2CcBack 10,C50 (dB),-1.39,-3.47,-1.55,-3.75,-7.06,-4.74,-5.62,-7.71,-6.47,-4.94,-3.20,-1.62,-0.78,1.79,0.64,0.02,1.27,0.70,0.97,2.62,0.91,3.80,6.28,7.47,-0.07
2Crotation collection.txt,2CcBack 10,C80 (dB),0.24,-1.43,2.10,-3.18,-2.38,-2.78,-4.48,-6.28,-4.32,-1.33,-2.13,0.10,3.21,3.99,4.21,5.57,3.93,4.04,5.06,5.92,4.74,7.59,9.81,11.84,2.20
2Crotation collection.txt,2CcBack 10,D50 (%),42.1,31.0,41.2,29.6,16.5,25.1,21.5,14.5,18.4,24.3,32.4,40.8,45.5,60.2,53.7,50.1,57.2,54.0,55.5,64.6,55.2,70.6,80.9,84.8,49.6
2Crotation collection.txt,2CcBack 10,TS (s),0.147,0.171,0.114,0.184,0.164,0.173,0.168,0.209,0.193,0.151,0.121,0.119,0.081,0.064,0.058,0.058,0.062,0.064,0.060,0.052,0.058,0.040,0.030,0.027,0.094
Standardsetcollected data.txt,3Ac,EDT (s),2.274,2.490,1.614,1.651,1.905,1.930,2.312,2.678,2.355,1.847,2.514,1.330,1.201,0.878,0.631,0.754,0.780,0.760,0.647,0.494,0.172,0.194,0.010,0.247,0.779
Standardsetcollected data.txt,3Ac,T20 (s),2.442,2.406,1.799,2.446,2.700,2.619,2.540,2.528,2.140,1.846,1.728,1.542,1.238,1.099,0.898,0.863,0.761,0.826,0.764,0.650,0.650,0.569,0.486,0.426,1.805
Standardsetcollected data.txt,3Ac,T30 (s),2.432,2.394,1.933,2.471,2.655,2.499,2.496,0.000,2.072,1.933,1.699,1.624,1.246,1.088,0.899,0.808,0.776,0.818,0.777,0.720,0.718,0.639,0.558,0.467,2.222
Standardsetcollected data.txt,3Ac,Topt (s),2.483,2.398,1.929,2.454,2.673,2.667,2.496,2.471,2.044,1.957,1.709,1.645,1.296,1.101,0.882,0.814,0.790,0.832,0.780,0.623,0.668,0.600,0.560,0.506,1.877
Standardsetcollected data.txt,3Ac,ToptStart (dB),-5.000,-5.000,-5.000,-5.000,-5.000,-5.000,-5.000,-5.000,-5.000,-5.000,-5.000,-5.000,-5.000,-5.000,-5.000,-5.000,-5.000,-5.000,-5.000,-5.000,-10.000,-12.000,-13.000,-5.000,-12.000
Standardsetcollected data.txt,3Ac,ToptEnd (dB),-21.000,-34.000,-39.000,-39.000,-36.000,-28.000,-35.000,-32.000,-43.000,-45.000,-48.000,-48.000,-60.000,-51.000,-32.000,-43.000,-42.000,-50.000,-37.000,-20.000,-25.000,-27.000,-33.000,-52.000,-24.000
Standardsetcollected data.txt,3Ac,T60M (s),0.000,0.000,0.000,0.000,0.000,0.000,0.000,0.000,0.000,0.000,0.000,0.000,0.000,0.000,0.000,0.000,0.000,0.000,0.000,0.000,0.000,0.000,0.000,0.000,0.000
Standardsetcollected data.txt,3Ac,C50 (dB),-1.23,-8.34,-0.32,-1.69,-3.41,-7.68,-0.58,-2.46,0.49,0.88,1.01,3.98,5.46,7.74,8.40,8.78,6.95,4.24,4.94,11.97,13.50,14.86,17.91,17.68,9.40
Standardsetcollected data.txt,3Ac,C80 (dB),0.98,-4.41,0.41,1.99,-2.35,-4.39,-0.23,-0.98,2.66,2.81,2.22,6.09,6.90,9.63,10.79,10.83,9.26,7.75,8.19,15.21,16.60,18.25,21.28,21.04,10.92
Standardsetcollected data.txt,3Ac,D50 (%),43.0,12.8,48.1,40.4,31.3,14.6,46.7,36.2,52.8,55.1,55.8,71.5,77.8,85.6,87.4,88.3,83.2,72.6,75.7,94.0,95.7,96.8,98.4,98.3,89.7
Standardsetcollected data.txt,3Ac,TS (s),0.143,0.198,0.105,0.112,0.159,0.183,0.149,0.174,0.110,0.095,0.107,0.055,0.042,0.031,0.025,0.021,0.027,0.039,0.039,0.010,0.007,0.005,0.003,0.004,0.020
Standardsetcollected data.txt,3Bc,EDT (s),2.276,2.311,1.929,3.268,2.708,2.004,2.310,2.672,2.420,1.743,1.312,1.252,1.111,0.955,0.645,0.597,0.745,0.710,0.683,0.662,0.272,0.211,0.135,0.190,0.944
Standardsetcollected data.txt,3Bc,T20 (s),2.484,2.322,1.575,2.736,2.735,2.448,2.388,2.255,2.226,2.136,1.782,1.562,1.132,1.174,0.976,0.849,0.759,0.787,0.721,0.683,0.711,0.658,0.536,0.470,2.011
Standardsetcollected data.txt,3Bc,T30 (s),0.000,2.317,1.676,0.000,0.000,2.434,2.284,2.372,2.318,2.195,1.904,1.534,1.197,1.135,0.944,0.848,0.822,0.828,0.770,0.710,0.752,0.686,0.581,0.490,2.241
Standardsetcollected data.txt,3Bc,Topt (s),2.494,2.326,1.676,2.817,2.710,2.431,2.378,2.312,2.324,2.226,1.893,1.644,1.207,1.152,0.975,0.858,0.767,0.832,0.714,0.692,0.725,0.701,0.582,0.504,2.408
Standardsetcollected data.txt,3Bc,ToptStart (dB),-5.000,-5.000,-5.000,-5.000,-5.000,-5.000,-5.000,-5.000,-5.000,-5.000,-5.000,-5.000,-5.000,-5.000,-5.000,-5.000,-5.000,-5.000,-5.000,-5.000,-10.000,-11.000,-13.000,-10.000,-11.000
Standardsetcollected data.txt,3Bc,ToptEnd (dB),-27.000,-38.000,-42.000,-30.000,-32.000,-37.000,-26.000,-31.000,-38.000,-43.000,-48.000,-56.000,-41.000,-58.000,-58.000,-58.000,-28.000,-36.000,-28.000,-31.000,-28.000,-36.000,-31.000,-37.000,-44.000
Standardsetcollected data.txt,3Bc,T60M (s),0.000,0.000,0.000,0.000,0.000,0.000,0.000,0.000,0.000,0.000,0.000,0.000,0.000,0.000,0.000,0.000,0.000,0.000,0.000,0.000,0.000,0.000,0.000,0.000,0.000
Standardsetcollected data.txt,3Bc,C50 (dB),2.22,-2.38,-1.89,-0.64,-3.20,-4.18,-3.67,-3.97,1.28,2.67,0.47,5.02,4.31,7.02,7.83,8.14,6.94,4.47,5.39,10.40,13.19,14.66,17.14,15.56,7.77
Standardsetcollected data.txt,3Bc,C80 (dB),3.93,-0.84,-0.42,-0.13,-0.87,0.98,0.76,-2.06,2.88,5.13,1.62,6.60,7.07,8.91,10.32,11.13,9.44,7.63,8.42,12.93,15.63,17.16,20.03,19.15,9.66
Standardsetcollected data.txt,3Bc,D50 (%),62.5,36.6,39.3,46.3,32.4,27.7,30.0,28.6,57.3,64.9,52.7,76.1,73.0,83.4,85.9,86.7,83.2,73.7,77.6,91.6,95.4,96.7,98.1,97.3,85.7
Standardsetcollected data.txt,3Bc,TS (s),0.127,0.151,0.135,0.189,0.190,0.132,0.148,0.177,0.111,0.077,0.089,0.049,0.046,0.030,0.028,0.025,0.028,0.042,0.035,0.013,0.007,0.006,0.003,0.006,0.027
Standardsetcollected data.txt,3Cc,EDT (s),2.042,2.311,1.533,1.850,2.687,2.039,2.345,2.453,1.999,1.884,1.884,1.266,1.137,0.891,0.706,0.753,0.779,0.742,0.713,0.585,0.546,0.492,0.437,0.227,1.107
Standardsetcollected data.txt,3Cc,T20 (s),2.408,2.382,1.828,2.328,2.541,2.481,2.414,2.560,2.077,2.004,1.785,1.605,1.289,1.201,0.895,0.883,0.821,0.803,0.778,0.707,0.704,0.681,0.599,0.467,1.998
Standardsetcollected data.txt,3Cc,T30 (s),0.000,0.000,1.882,2.342,0.000,2.308,2.510,0.000,2.210,2.084,1.755,1.554,1.354,1.179,0.922,0.870,0.808,0.832,0.791,0.746,0.744,0.712,0.643,0.490,2.343
Standardsetcollected data.txt,3Cc,Topt (s),2.551,2.382,1.856,2.303,2.590,2.354,2.512,2.607,2.209,2.059,1.744,1.628,1.334,1.179,0.942,0.861,0.839,0.833,0.833,0.670,0.729,0.694,0.560,0.490,2.185
Standardsetcollected data.txt,3Cc,ToptStart (dB),-5.000,-5.000,-5.000,-5.000,-5.000,-5.000,-5.000,-5.000,-5.000,-5.000,-5.000,-5.000,-5.000,-5.000,-5.000,-5.000,-5.000,-5.000,-5.000,-5.000,-5.000,-5.000,-5.000,-10.000,-11.000
Standardsetcollected data.txt,3Cc,ToptEnd (dB),-20.000,-30.000,-37.000,-40.000,-32.000,-22.000,-37.000,-34.000,-40.000,-45.000,-51.000,-55.000,-58.000,-55.000,-46.000,-56.000,-49.000,-36.000,-48.000,-21.000,-32.000,-31.000,-20.000,-33.000,-28.000
Standardsetcollected data.txt,3Cc,T60M (s),0.000,0.000,0.000,0.000,0.000,0.000,0.000,0.000,0.000,0.000,0.000,0.000,0.000,0.000,0.000,0.000,0.000,0.000,0.000,0.000,0.000,0.000,0.000,0.000,0.000
Standardsetcollected data.txt,3Cc,C50 (dB),2.07,-2.82,-3.86,-1.65,-0.55,-1.10,-3.89,-1.71,-1.02,0.75,2.01,1.57,5.10,6.02,7.70,7.52,6.67,5.03,3.80,9.66,9.30,8.83,7.99,13.14,6.04
Standardsetcollected data.txt,3Cc,C80 (dB),3.86,-1.98,-1.92,0.11,1.55,1.75,-0.58,-0.05,-0.48,1.18,2.81,3.74,7.69,9.08,10.22,10.11,9.33,8.24,6.60,12.81,12.53,11.48,11.66,16.67,7.80
Standardsetcollected data.txt,3Cc,D50 (%),61.7,34.3,29.2,40.6,46.8,43.7,29.0,40.3,44.1,54.3,61.4,59.0,76.4,80.0,85.5,85.0,82.3,76.1,70.6,90.2,89.5,88.4,86.3,95.4,80.1
Standardsetcollected data.txt,3Cc,TS (s),0.116,0.161,0.129,0.127,0.144,0.119,0.151,0.148,0.123,0.112,0.089,0.072,0.045,0.033,0.027,0.025,0.028,0.034,0.044,0.015,0.018,0.021,0.024,0.009,0.038
Standardsetcollected data.txt,3CcReversed,EDT (s),2.246,2.385,1.583,2.064,2.754,1.927,2.459,2.679,2.020,1.918,1.702,1.540,1.137,1.063,0.946,0.760,0.800,0.863,0.758,0.694,0.746,0.644,0.517,0.499,1.513
Standardsetcollected data.txt,3CcReversed,T20 (s),2.504,2.415,1.997,2.476,2.665,2.638,2.227,2.733,2.068,2.173,1.757,1.494,1.426,1.160,0.962,0.893,0.804,0.791,0.815,0.760,0.777,0.728,0.619,0.494,2.278
Standardsetcollected data.txt,3CcReversed,T30 (s),0.000,2.482,2.006,2.459,0.000,2.602,2.367,0.000,2.216,1.952,1.771,1.536,1.322,1.130,0.969,0.876,0.849,0.852,0.839,0.774,0.783,0.757,0.676,0.532,2.527
Standardsetcollected data.txt,3CcReversed,Topt (s),2.502,2.427,2.019,2.472,2.651,2.689,1.925,2.688,2.242,2.214,1.770,1.544,1.330,1.113,0.968,0.890,0.881,0.811,0.867,0.774,0.776,0.768,0.613,0.487,2.160
Standardsetcollected data.txt,3CcReversed,ToptStart (dB),-5.000,-5.000,-5.000,-5.000,-5.000,-5.000,-5.000,-5.000,-5.000,-5.000,-5.000,-5.000,-5.000,-5.000,-5.000,-5.000,-5.000,-5.000,-5.000,-5.000,-5.000,-5.000,-5.000,-5.000,-5.000
Standardsetcollected data.txt,3CcReversed,ToptEnd (dB),-31.000,-27.000,-40.000,-38.000,-34.000,-31.000,-22.000,-32.000,-39.000,-23.000,-50.000,-36.000,-55.000,-55.000,-47.000,-52.000,-45.000,-30.000,-20.000,-35.000,-33.000,-42.000,-24.000,-23.000,-22.000
Standardsetcollected data.txt,3CcReversed,T60M (s),0.000,0.000,0.000,0.000,0.000,0.000,0.000,0.000,0.000,0.000,0.000,0.000,0.000,0.000,0.000,0.000,0.000,0.000,0.000,0.000,0.000,0.000,0.000,0.000,0.000
Standardsetcollected data.txt,3CcReversed,C50 (dB),-1.58,-5.25,-5.66,-3.76,-2.21,-1.14,-3.56,-3.83,-2.41,-3.87,-1.80,-2.64,-1.74,-1.40,0.47,0.87,-2.11,-0.65,1.34,0.77,-0.72,0.87,2.21,2.84,-1.02
Standardsetcollected data.txt,3CcReversed,C80 (dB),0.62,-3.85,-2.63,-1.09,0.11,0.65,-0.69,-2.17,-1.16,-0.42,0.81,-0.08,0.94,2.96,4.20,4.11,3.08,2.89,5.03,4.46,3.85,5.86,7.28,7.86,1.85
Standardsetcollected data.txt,3CcReversed,D50 (%),41.0,23.0,21.3,29.6,37.5,43.5,30.6,29.3,36.5,29.1,39.8,35.3,40.1,42.0,52.7,55.0,38.1,46.3,57.7,54.4,45.9,55.0,62.5,65.8,44.2
Standardsetcollected data.txt,3CcReversed,TS (s),0.142,0.187,0.141,0.149,0.170,0.124,0.150,0.184,0.149,0.139,0.104,0.110,0.096,0.080,0.067,0.063,0.071,0.070,0.062,0.061,0.068,0.058,0.050,0.047,0.102
Standardsetcollected data.txt,3AcReversed,EDT (s),2.288,2.347,1.922,2.158,2.330,2.172,1.856,2.334,2.577,2.330,1.693,1.408,1.113,0.872,0.854,0.867,0.823,0.738,0.669,0.588,0.591,0.606,0.517,0.382,1.460
Standardsetcollected data.txt,3AcReversed,T20 (s),2.436,2.399,1.736,2.650,2.604,2.190,2.310,2.719,2.232,2.149,1.647,1.416,1.270,1.084,0.906,0.820,0.852,0.790,0.740,0.720,0.765,0.679,0.607,0.502,2.239
Standardsetcollected data.txt,3AcReversed,T30 (s),2.501,2.424,1.841,0.000,0.000,2.404,2.190,0.000,2.310,2.036,1.635,1.488,1.273,1.078,0.949,0.816,0.854,0.838,0.812,0.809,0.801,0.723,0.639,0.519,2.540
Standardsetcollected data.txt,3AcReversed,Topt (s),2.478,2.409,1.786,2.660,2.612,2.130,2.263,2.711,2.297,2.041,1.635,1.455,1.281,1.088,0.973,0.823,0.871,0.846,0.755,0.871,0.801,0.682,0.608,0.525,2.564
Standardsetcollected data.txt,3AcReversed,ToptStart (dB),-5.000,-5.000,-5.000,-5.000,-5.000,-5.000,-5.000,-5.000,-5.000,-5.000,-5.000,-5.000,-5.000,-5.000,-5.000,-5.000,-5.000,-5.000,-5.000,-5.000,-5.000,-5.000,-5.000,-5.000,-5.000
Standardsetcollected data.txt,3AcReversed,ToptEnd (dB),-20.000,-33.000,-38.000,-28.000,-34.000,-23.000,-31.000,-32.000,-37.000,-42.000,-35.000,-34.000,-37.000,-37.000,-44.000,-38.000,-52.000,-41.000,-29.000,-46.000,-35.000,-26.000,-26.000,-41.000,-38.000
Standardsetcollected data.txt,3AcReversed,T60M (s),0.000,0.000,0.000,0.000,0.000,0.000,0.000,0.000,0.000,0.000,0.000,0.000,0.000,0.000,0.000,0.000,0.000,0.000,0.000,0.000,0.000,0.000,0.000,0.000,0.000
Standardsetcollected data.txt,3AcReversed,C50 (dB),-3.63,-10.38,-1.94,-0.52,-5.65,-2.96,-2.95,-9.44,-4.81,-0.68,-2.20,-1.23,0.42,2.69,2.31,0.78,1.60,1.89,1.96,2.88,1.80,2.74,3.66,5.26,-0.22
Standardsetcollected data.txt,3AcReversed,C80 (dB),-0.84,-4.82,-0.71,3.73,-3.45,1.31,-1.37,-8.27,-2.14,1.17,0.65,2.45,1.92,4.90,5.04,4.78,3.93,5.17,5.32,6.47,6.34,6.54,8.07,10.76,2.36
Standardsetcollected data.txt,3AcReversed,D50 (%),30.3,8.4,39.0,47.0,21.4,33.6,33.6,10.2,24.8,46.1,37.6,43.0,52.4,65.0,63.0,54.5,59.1,60.7,61.1,66.0,60.2,65.2,69.9,77.0,48.8
Standardsetcollected data.txt,3AcReversed,TS (s),0.157,0.195,0.128,0.115,0.184,0.137,0.133,0.215,0.179,0.131,0.115,0.091,0.080,0.058,0.064,0.065,0.060,0.056,0.056,0.050,0.054,0.051,0.044,0.037,0.097
Standardsetcollected data.txt,3BcReversed,EDT (s),2.459,2.452,1.831,2.863,2.214,2.081,2.175,2.559,1.875,1.820,1.930,1.648,1.185,0.946,0.905,0.782,0.725,0.786,0.769,0.718,0.749,0.712,0.645,0.502,1.432
Standardsetcollected data.txt,3BcReversed,T20 (s),2.589,2.431,1.657,2.639,2.774,2.639,2.466,2.754,2.319,1.865,1.704,1.471,1.067,1.015,0.949,0.829,0.821,0.828,0.801,0.721,0.720,0.692,0.654,0.508,2.260
Standardsetcollected data.txt,3BcReversed,T30 (s),0.000,2.470,1.787,0.000,2.639,0.000,2.506,0.000,2.404,2.047,1.864,1.467,1.202,1.077,0.925,0.859,0.840,0.853,0.823,0.802,0.785,0.726,0.669,0.537,2.577
Standardsetcollected data.txt,3BcReversed,Topt (s),2.547,2.470,1.743,2.640,2.639,2.576,2.513,2.754,2.338,2.121,1.886,1.471,1.309,1.054,0.932,0.866,0.855,0.855,0.840,0.687,0.734,0.715,0.669,0.511,1.950
Standardsetcollected data.txt,3BcReversed,ToptStart (dB),-5.000,-5.000,-5.000,-5.000,-5.000,-5.000,-5.000,-5.000,-5.000,-5.000,-5.000,-5.000,-5.000,-5.000,-5.000,-5.000,-5.000,-5.000,-5.000,-5.000,-5.000,-5.000,-5.000,-5.000,-5.000
Standardsetcollected data.txt,3BcReversed,ToptEnd (dB),-23.000,-35.000,-41.000,-32.000,-35.000,-34.000,-36.000,-33.000,-31.000,-44.000,-49.000,-39.000,-57.000,-20.000,-37.000,-38.000,-52.000,-41.000,-45.000,-20.000,-28.000,-32.000,-38.000,-26.000,-20.000
Standardsetcollected data.txt,3BcReversed,T60M (s),0.000,0.000,0.000,0.000,0.000,0.000,0.000,0.000,0.000,0.000,0.000,0.000,0.000,0.000,0.000,0.000,0.000,0.000,0.000,0.000,0.000,0.000,0.000,0.000,0.000
Standardsetcollected data.txt,3BcReversed,C50 (dB),-5.06,-6.93,-5.74,-3.80,-3.59,-7.20,-7.90,-5.35,-1.92,-2.57,-0.51,-0.39,-0.88,0.46,-1.27,-1.78,-0.40,1.03,1.89,1.42,-0.66,0.78,0.54,3.17,-1.31
Standardsetcollected data.txt,3BcReversed,C80 (dB),-1.83,-3.02,-1.27,-0.48,1.67,-3.05,-5.09,-2.11,-0.56,-0.70,1.79,1.14,2.37,3.94,2.39,3.08,4.33,3.87,5.17,4.65,3.35,4.48,5.64,7.91,1.52
Standardsetcollected data.txt,3BcReversed,D50 (%),23.8,16.9,21.1,29.4,30.4,16.0,13.9,22.6,39.1,35.6,47.0,47.7,44.9,52.6,42.8,39.9,47.7,55.9,60.7,58.1,46.2,54.5,53.1,67.5,42.5
Standardsetcollected data.txt,3BcReversed,TS (s),0.174,0.194,0.145,0.190,0.141,0.167,0.197,0.175,0.129,0.132,0.103,0.102,0.090,0.072,0.073,0.073,0.069,0.066,0.060,0.061,0.067,0.062,0.058,0.047,0.104
Standardsetcollected data.txt,2Bc,EDT (s),2.265,1.913,1.858,2.580,2.120,1.831,2.789,2.442,2.309,2.237,1.640,1.219,1.193,0.962,0.906,0.795,0.696,0.761,0.635,0.495,0.523,0.741,0.073,0.412,1.183
Standardsetcollected data.txt,2Bc,T20 (s),2.692,2.161,1.756,2.588,2.691,2.178,2.313,2.219,2.186,2.046,1.846,1.594,1.168,1.104,0.975,0.824,0.776,0.791,0.764,0.692,0.671,0.606,0.531,0.477,1.939
Standardsetcollected data.txt,2Bc,T30 (s),2.718,2.193,1.896,0.000,0.000,2.161,2.381,2.208,2.129,1.956,1.836,1.606,1.263,1.130,0.941,0.852,0.800,0.826,0.825,0.730,0.722,0.667,0.610,0.505,2.160
Standardsetcollected data.txt,2Bc,Topt (s),2.634,2.193,1.886,2.558,2.690,2.097,2.283,2.206,2.132,1.943,1.794,1.648,1.318,1.162,0.984,0.857,0.783,0.793,0.837,0.730,0.727,0.717,0.668,0.516,2.258
Standardsetcollected data.txt,2Bc,ToptStart (dB),-5.000,-5.000,-5.000,-5.000,-5.000,-5.000,-5.000,-5.000,-5.000,-5.000,-5.000,-5.000,-5.000,-5.000,-5.000,-5.000,-5.000,-5.000,-5.000,-5.000,-5.000,-5.000,-11.000,-5.000,-5.000
Standardsetcollected data.txt,2Bc,ToptEnd (dB),-24.000,-35.000,-38.000,-33.000,-29.000,-41.000,-32.000,-36.000,-40.000,-46.000,-50.000,-53.000,-58.000,-47.000,-55.000,-56.000,-31.000,-28.000,-41.000,-35.000,-36.000,-50.000,-49.000,-43.000,-42.000
Standardsetcollected data.txt,2Bc,T60M (s),0.000,0.000,0.000,0.000,0.000,0.000,0.000,0.000,0.000,0.000,0.000,0.000,0.000,0.000,0.000,0.000,0.000,0.000,0.000,0.000,0.000,0.000,0.000,0.000,0.000
Standardsetcollected data.txt,2Bc,C50 (dB),-0.75,-0.77,1.10,-1.73,-1.26,-3.19,0.18,-1.61,-1.86,0.52,0.17,2.81,3.72,5.15,7.40,7.88,7.10,4.99,3.60,12.11,12.40,13.71,15.23,10.40,6.68
Standardsetcollected data.txt,2Bc,C80 (dB),1.03,0.27,2.41,0.36,0.20,-2.74,1.00,-0.61,-1.48,1.70,2.49,4.09,5.20,8.11,9.69,9.58,10.46,7.72,7.06,14.86,15.50,16.86,19.43,14.68,8.00
Standardsetcollected data.txt,2Bc,D50 (%),45.7,45.6,56.3,40.2,42.8,32.4,51.0,40.8,39.4,53.0,51.0,65.6,70.2,76.6,84.6,86.0,83.7,75.9,69.6,94.2,94.6,95.9,97.1,91.6,82.3
Standardsetcollected data.txt,2Bc,TS (s),0.133,0.135,0.108,0.164,0.144,0.142,0.143,0.152,0.140,0.103,0.092,0.067,0.054,0.038,0.030,0.026,0.027,0.037,0.045,0.009,0.009,0.008,0.005,0.016,0.034
Standardsetcollected data.txt,2Dc,EDT (s),2.087,2.300,1.785,2.552,2.976,3.253,2.678,3.068,2.442,1.544,1.722,1.628,1.107,0.977,0.859,0.880,0.873,0.754,0.732,0.754,0.711,0.646,0.618,0.441,1.227
Standardsetcollected data.txt,2Dc,T20 (s),2.463,2.305,1.733,2.645,2.911,2.620,2.343,2.392,2.416,2.207,1.870,1.624,1.261,1.069,0.943,0.878,0.784,0.802,0.752,0.719,0.730,0.644,0.569,0.496,2.176
Standardsetcollected data.txt,2Dc,T30 (s),2.598,2.328,1.898,0.000,0.000,0.000,2.430,0.000,2.173,1.994,1.889,1.621,1.315,1.128,0.925,0.839,0.820,0.815,0.800,0.751,0.760,0.691,0.599,0.516,2.399
Standardsetcollected data.txt,2Dc,Topt (s),2.464,2.307,1.844,2.620,2.935,2.686,2.155,2.459,2.194,2.008,1.850,1.652,1.368,1.140,0.996,0.896,0.829,0.822,0.760,0.715,0.793,0.614,0.579,0.499,2.255
Standardsetcollected data.txt,2Dc,ToptStart (dB),-5.000,-5.000,-5.000,-5.000,-5.000,-5.000,-5.000,-5.000,-5.000,-5.000,-5.000,-5.000,-5.000,-5.000,-5.000,-5.000,-5.000,-5.000,-5.000,-5.000,-5.000,-5.000,-5.000,-5.000,-5.000
Standardsetcollected data.txt,2Dc,ToptEnd (dB),-26.000,-30.000,-38.000,-27.000,-30.000,-27.000,-22.000,-34.000,-37.000,-43.000,-47.000,-52.000,-57.000,-45.000,-54.000,-52.000,-20.000,-42.000,-28.000,-31.000,-46.000,-20.000,-29.000,-28.000,-29.000
Standardsetcollected data.txt,2Dc,T60M (s),0.000,0.000,0.000,0.000,0.000,0.000,0.000,0.000,0.000,0.000,0.000,0.000,0.000,0.000,0.000,0.000,0.000,0.000,0.000,0.000,0.000,0.000,0.000,0.000,0.000
Standardsetcollected data.txt,2Dc,C50 (dB),-1.16,-4.54,-0.75,0.07,-5.71,-2.57,-4.84,-4.30,-4.54,-1.18,-4.75,0.89,0.48,2.74,2.46,2.61,2.32,1.61,-0.88,2.00,4.35,7.46,6.73,8.62,2.15
Standardsetcollected data.txt,2Dc,C80 (dB),0.76,-2.65,2.59,1.74,0.90,-1.72,-2.02,-2.84,-2.03,1.79,-1.78,3.05,4.19,5.87,5.48,5.11,5.05,5.66,4.87,5.00,7.90,11.24,9.66,12.35,4.54
Standardsetcollected data.txt,2Dc,D50 (%),43.4,26.0,45.7,50.4,21.2,35.6,24.7,27.1,26.0,43.3,25.1,55.1,52.8,65.3,63.8,64.6,63.0,59.2,44.9,61.3,73.2,84.8,82.5,87.9,62.1
Standardsetcollected data.txt,2Dc,TS (s),0.135,0.175,0.114,0.134,0.178,0.189,0.182,0.190,0.172,0.105,0.138,0.083,0.072,0.056,0.056,0.052,0.055,0.055,0.062,0.052,0.035,0.020,0.025,0.020,0.068
Standardsetcollected data.txt,2Ac,EDT (s),2.325,2.187,1.363,2.323,2.067,1.901,1.823,2.814,2.471,1.984,1.985,1.459,1.322,1.136,0.807,0.702,0.774,0.834,0.757,0.666,0.731,0.646,0.649,0.480,1.408
Standardsetcollected data.txt,2Ac,T20 (s),2.287,2.231,1.790,2.817,2.468,2.229,1.996,2.470,2.280,2.249,1.732,1.513,1.211,1.012,0.941,0.812,0.793,0.768,0.776,0.724,0.699,0.672,0.631,0.508,2.009
Standardsetcollected data.txt,2Ac,T30 (s),0.000,2.256,1.956,0.000,2.537,2.320,1.944,0.000,2.173,2.112,1.939,1.552,1.222,1.041,0.937,0.861,0.823,0.807,0.835,0.799,0.774,0.715,0.665,0.549,2.244
Standardsetcollected data.txt,2Ac,Topt (s),2.264,2.209,1.832,2.696,2.580,2.086,1.944,2.481,2.186,2.138,1.909,1.516,1.319,1.066,0.979,0.893,0.831,0.773,0.807,0.716,0.692,0.666,0.635,0.488,1.848
Standardsetcollected data.txt,2Ac,ToptStart (dB),-5.000,-5.000,-5.000,-5.000,-5.000,-5.000,-5.000,-5.000,-5.000,-5.000,-5.000,-5.000,-5.000,-5.000,-5.000,-5.000,-5.000,-5.000,-5.000,-5.000,-5.000,-5.000,-5.000,-5.000,-5.000
Standardsetcollected data.txt,2Ac,ToptEnd (dB),-34.000,-30.000,-28.000,-33.000,-32.000,-22.000,-35.000,-34.000,-39.000,-42.000,-47.000,-33.000,-57.000,-45.000,-54.000,-53.000,-52.000,-28.000,-32.000,-24.000,-24.000,-24.000,-28.000,-20.000,-20.000
Standardsetcollected data.txt,2Ac,T60M (s),0.000,0.000,0.000,0.000,0.000,0.000,0.000,0.000,0.000,0.000,0.000,0.000,0.000,0.000,0.000,0.000,0.000,0.000,0.000,0.000,0.000,0.000,0.000,0.000,0.000
Standardsetcollected data.txt,2Ac,C50 (dB),-4.66,-5.80,-5.23,-10.93,-3.73,-4.48,-4.65,-4.90,-3.62,-2.65,-3.60,-1.78,-0.83,0.15,2.85,2.63,1.22,1.32,-0.69,-0.26,1.41,4.44,5.45,5.52,0.03
Standardsetcollected data.txt,2Ac,C80 (dB),-2.20,-2.44,0.68,-7.35,0.85,-1.43,-2.55,-3.07,-0.92,-1.06,-1.29,0.31,1.98,3.05,5.87,6.61,4.28,4.60,3.49,5.16,5.70,8.13,8.85,10.38,2.55
Standardsetcollected data.txt,2Ac,D50 (%),25.5,20.8,23.1,7.5,29.8,26.3,25.5,24.5,30.3,35.2,30.4,39.9,45.3,50.9,65.9,64.7,57.0,57.6,46.0,48.5,58.1,73.5,77.8,78.1,50.2
Standardsetcollected data.txt,2Ac,TS (s),0.171,0.167,0.112,0.205,0.149,0.149,0.150,0.190,0.165,0.143,0.136,0.106,0.088,0.074,0.053,0.052,0.063,0.059,0.067,0.062,0.052,0.035,0.030,0.031,0.090
Standardsetcollected data.txt,2Cc,EDT (s),2.547,1.965,2.228,2.480,1.864,2.202,2.143,2.644,2.329,2.284,1.484,1.434,1.151,1.040,0.786,0.858,0.739,0.757,0.664,0.623,0.560,0.539,0.420,0.311,1.165
Standardsetcollected data.txt,2Cc,T20 (s),2.494,2.131,1.985,2.222,2.565,2.588,2.586,2.617,2.251,2.027,1.737,1.654,1.202,1.056,0.940,0.769,0.786,0.748,0.812,0.732,0.700,0.652,0.560,0.445,2.160
Standardsetcollected data.txt,2Cc,T30 (s),0.000,2.319,2.083,2.162,2.427,0.000,2.524,0.000,2.284,1.963,1.710,1.536,1.268,1.088,0.954,0.815,0.821,0.793,0.838,0.760,0.747,0.702,0.596,0.491,2.384
Standardsetcollected data.txt,2Cc,Topt (s),2.422,2.144,1.390,2.144,2.527,2.471,2.524,2.592,2.288,1.960,1.782,1.633,1.267,1.146,0.978,0.772,0.823,0.774,0.816,0.731,0.708,0.656,0.537,0.505,2.568
Standardsetcollected data.txt,2Cc,ToptStart (dB),-5.000,-5.000,-5.000,-5.000,-5.000,-5.000,-5.000,-5.000,-5.000,-5.000,-5.000,-5.000,-5.000,-5.000,-5.000,-5.000,-5.000,-5.000,-5.000,-5.000,-5.000,-5.000,-5.000,-5.000,-11.000
Standardsetcollected data.txt,2Cc,ToptEnd (dB),-22.000,-26.000,-21.000,-39.000,-30.000,-29.000,-35.000,-23.000,-38.000,-44.000,-50.000,-28.000,-48.000,-54.000,-54.000,-27.000,-41.000,-32.000,-31.000,-28.000,-27.000,-26.000,-22.000,-45.000,-40.000
Standardsetcollected data.txt,2Cc,T60M (s),0.000,0.000,0.000,0.000,0.000,0.000,0.000,0.000,0.000,0.000,0.000,0.000,0.000,0.000,0.000,0.000,0.000,0.000,0.000,0.000,0.000,0.000,0.000,0.000,0.000
Standardsetcollected data.txt,2Cc,C50 (dB),-5.77,-1.94,-6.21,-5.51,-7.73,-7.06,-9.95,-8.27,-2.25,-0.12,-2.54,-1.99,2.03,0.41,4.21,3.48,3.87,4.15,3.12,4.99,7.04,7.92,10.26,12.58,3.47
Standardsetcollected data.txt,2Cc,C80 (dB),-3.11,-1.09,-4.61,-4.79,-2.58,-1.83,-1.31,-4.73,-1.06,0.82,-1.25,0.43,3.44,3.34,6.00,5.99,6.61,6.61,7.06,8.44,10.33,11.44,13.68,16.59,5.56
Standardsetcollected data.txt,2Cc,D50 (%),21.0,39.0,19.3,21.9,14.4,16.4,9.2,13.0,37.4,49.3,35.8,38.7,61.5,52.4,72.5,69.0,70.9,72.2,67.2,75.9,83.5,86.1,91.4,94.8,69.0
Standardsetcollected data.txt,2Cc,TS (s),0.210,0.145,0.182,0.186,0.158,0.172,0.166,0.204,0.140,0.120,0.117,0.109,0.067,0.073,0.044,0.047,0.045,0.043,0.047,0.035,0.027,0.024,0.015,0.012,0.056
